Section_ID,Chainage,_1000,_2000,_3000,_4000,SectionID,Direction,StartCh,EndCh,Length
Section,378.0,0,0,0,0,1440U5501_/0020,F,0,20,20
Section,379.0,5,5,5,5,1440U5501_/0020,F,0,20,20
Section,380.0,5,5,5,5,1440U5501_/0020,F,0,20,20
Section,381.0,5,5,5,5,1440U5501_/0020,F,0,20,20
Section,382.0,5,5,5,5,1440U5501_/0020,F,0,20,20
Section,383.0,5,5,5,5,1440U5501_/0020,F,0,20,20
Section,384.0,5,5,5,5,1440U5501_/0020,F,0,20,20
Section,385.0,0,0,0,0,1440U5501_/0020,F,0,20,20
Section,386.0,0,0,0,0,1440U5501_/0020,F,0,20,20
Section,387.0,0,0,0,0,1440U5501_/0020,F,0,20,20
Section,388.0,0,0,0,0,1440U5501_/0020,F,0,20,20
Section,389.0,0,0,0,0,1440U5501_/0020,F,0,20,20
Section,390.0,0,0,0,0,1440U5501_/0020,F,0,20,20
Section,391.0,0,0,0,0,1440U5501_/0020,F,0,20,20
Section,392.0,0,0,0,0,1440U5501_/0020,F,0,20,20
Section,393.0,0,0,0,0,1440U5501_/0020,F,0,20,20
Section,394.0,0,0,0,0,1440U5501_/0020,F,0,20,20
Section,395.0,0,0,0,0,1440U5501_/0020,F,0,20,20
Section,396.0,0,0,0,0,1440U5501_/0020,F,0,20,20
Section,397.0,0,0,0,0,1440U5501_/0020,F,0,20,20
Section,398.0,0,0,0,0,1440U5501_/0020,F,0,20,20
Section,398.0,0,0,0,0,1440U5501_/0020,F,20,40,20
Section,399.0,0,0,0,0,1440U5501_/0020,F,20,40,20
Section,400.0,0,0,0,0,1440U5501_/0020,F,20,40,20
Section,401.0,0,0,0,0,1440U5501_/0020,F,20,40,20
Section,402.0,0,0,0,0,1440U5501_/0020,F,20,40,20
Section,403.0,0,0,0,0,1440U5501_/0020,F,20,40,20
Section,404.0,0,0,0,0,1440U5501_/0020,F,20,40,20
Section,405.0,0,0,0,0,1440U5501_/0020,F,20,40,20
Section,406.0,0,0,0,0,1440U5501_/0020,F,20,40,20
Section,407.0,0,0,0,0,1440U5501_/0020,F,20,40,20
Section,408.0,0,0,0,0,1440U5501_/0020,F,20,40,20
Section,409.0,0,0,0,0,1440U5501_/0020,F,20,40,20
Section,410.0,0,0,0,0,1440U5501_/0020,F,20,40,20
Section,411.0,0,0,0,0,1440U5501_/0020,F,20,40,20
Section,412.0,0,0,0,0,1440U5501_/0020,F,20,40,20
Section,413.0,0,0,0,0,1440U5501_/0020,F,20,40,20
Section,414.0,0,0,0,0,1440U5501_/0020,F,20,40,20
Section,415.0,0,0,0,0,1440U5501_/0020,F,20,40,20
Section,416.0,0,0,0,0,1440U5501_/0020,F,20,40,20
Section,417.0,0,0,0,0,1440U5501_/0020,F,20,40,20
Section,418.0,0,0,0,0,1440U5501_/0020,F,20,40,20
Section,418.0,0,0,0,0,1440U5501_/0020,F,40,60,20
Section,419.0,0,0,0,0,1440U5501_/0020,F,40,60,20
Section,420.0,0,0,0,0,1440U5501_/0020,F,40,60,20
Section,421.0,0,0,0,0,1440U5501_/0020,F,40,60,20
Section,422.0,0,0,0,0,1440U5501_/0020,F,40,60,20
Section,423.0,0,0,0,0,1440U5501_/0020,F,40,60,20
Section,424.0,0,0,0,0,1440U5501_/0020,F,40,60,20
Section,425.0,0,0,0,0,1440U5501_/0020,F,40,60,20
Section,426.0,0,0,0,0,1440U5501_/0020,F,40,60,20
Section,427.0,0,0,0,0,1440U5501_/0020,F,40,60,20
Section,428.0,0,0,0,0,1440U5501_/0020,F,40,60,20
Section,429.0,0,0,0,0,1440U5501_/0020,F,40,60,20
Section,430.0,0,0,0,0,1440U5501_/0020,F,40,60,20
Section,431.0,0,0,0,0,1440U5501_/0020,F,40,60,20
Section,432.0,0,0,0,0,1440U5501_/0020,F,40,60,20
Section,433.0,0,0,0,0,1440U5501_/0020,F,40,60,20
Section,434.0,0,0,0,0,1440U5501_/0020,F,40,60,20
Section,435.0,0,0,0,0,1440U5501_/0020,F,40,60,20
Section,436.0,0,0,0,0,1440U5501_/0020,F,40,60,20
Section,437.0,0,0,0,0,1440U5501_/0020,F,40,60,20
Section,438.0,0,0,0,0,1440U5501_/0020,F,40,60,20
Section,438.0,0,0,0,0,1440U5501_/0020,F,60,80,20
Section,439.0,0,0,0,0,1440U5501_/0020,F,60,80,20
Section,440.0,0,0,0,0,1440U5501_/0020,F,60,80,20
Section,441.0,0,0,0,0,1440U5501_/0020,F,60,80,20
Section,442.0,0,0,0,0,1440U5501_/0020,F,60,80,20
Section,443.0,0,0,0,0,1440U5501_/0020,F,60,80,20
Section,444.0,0,0,0,0,1440U5501_/0020,F,60,80,20
Section,445.0,0,0,0,0,1440U5501_/0020,F,60,80,20
Section,446.0,0,0,0,0,1440U5501_/0020,F,60,80,20
Section,447.0,0,0,0,0,1440U5501_/0020,F,60,80,20
Section,448.0,0,0,0,0,1440U5501_/0020,F,60,80,20
Section,449.0,0,0,0,0,1440U5501_/0020,F,60,80,20
Section,450.0,0,0,0,0,1440U5501_/0020,F,60,80,20
Section,451.0,0,0,0,0,1440U5501_/0020,F,60,80,20
Section,452.0,0,0,0,0,1440U5501_/0020,F,60,80,20
Section,453.0,0,0,0,0,1440U5501_/0020,F,60,80,20
Section,454.0,0,0,0,0,1440U5501_/0020,F,60,80,20
Section,455.0,0,0,0,0,1440U5501_/0020,F,60,80,20
Section,456.0,0,0,0,0,1440U5501_/0020,F,60,80,20
Section,457.0,0,0,0,0,1440U5501_/0020,F,60,80,20
Section,458.0,0,0,0,0,1440U5501_/0020,F,60,80,20
Section,458.0,0,0,0,0,1440U5501_/0020,F,80,100,20
Section,459.0,0,0,0,0,1440U5501_/0020,F,80,100,20
Section,460.0,0,0,0,0,1440U5501_/0020,F,80,100,20
Section,461.0,0,0,0,0,1440U5501_/0020,F,80,100,20
Section,462.0,0,0,0,0,1440U5501_/0020,F,80,100,20
Section,463.0,0,0,0,0,1440U5501_/0020,F,80,100,20
Section,464.0,0,0,0,0,1440U5501_/0020,F,80,100,20
Section,465.0,0,0,0,0,1440U5501_/0020,F,80,100,20
Section,466.0,0,0,0,0,1440U5501_/0020,F,80,100,20
Section,467.0,0,0,0,0,1440U5501_/0020,F,80,100,20
Section,468.0,0,0,0,0,1440U5501_/0020,F,80,100,20
Section,469.0,0,0,0,0,1440U5501_/0020,F,80,100,20
Section,470.0,0,0,0,0,1440U5501_/0020,F,80,100,20
Section,471.0,0,0,0,0,1440U5501_/0020,F,80,100,20
Section,472.0,0,0,0,0,1440U5501_/0020,F,80,100,20
Section,473.0,0,0,0,0,1440U5501_/0020,F,80,100,20
Section,474.0,0,0,0,0,1440U5501_/0020,F,80,100,20
Section,475.0,0,0,0,0,1440U5501_/0020,F,80,100,20
Section,476.0,0,0,0,0,1440U5501_/0020,F,80,100,20
Section,477.0,0,0,0,0,1440U5501_/0020,F,80,100,20
Section,478.0,0,0,0,0,1440U5501_/0020,F,80,100,20
Section,478.0,0,0,0,0,1440U5501_/0020,F,100,120,20
Section,479.0,0,0,0,0,1440U5501_/0020,F,100,120,20
Section,480.0,0,0,0,0,1440U5501_/0020,F,100,120,20
Section,481.0,0,0,0,0,1440U5501_/0020,F,100,120,20
Section,482.0,0,0,0,0,1440U5501_/0020,F,100,120,20
Section,483.0,0,0,0,0,1440U5501_/0020,F,100,120,20
Section,484.0,0,0,0,0,1440U5501_/0020,F,100,120,20
Section,485.0,0,0,0,0,1440U5501_/0020,F,100,120,20
Section,486.0,0,0,0,0,1440U5501_/0020,F,100,120,20
Section,487.0,0,0,0,0,1440U5501_/0020,F,100,120,20
Section,488.0,0,0,0,0,1440U5501_/0020,F,100,120,20
Section,489.0,0,0,0,0,1440U5501_/0020,F,100,120,20
Section,490.0,0,0,0,0,1440U5501_/0020,F,100,120,20
Section,491.0,0,0,0,0,1440U5501_/0020,F,100,120,20
Section,492.0,0,0,0,0,1440U5501_/0020,F,100,120,20
Section,493.0,0,0,0,0,1440U5501_/0020,F,100,120,20
Section,494.0,0,0,0,0,1440U5501_/0020,F,100,120,20
Section,495.0,0,0,0,0,1440U5501_/0020,F,100,120,20
Section,496.0,0,0,0,0,1440U5501_/0020,F,100,120,20
Section,497.0,0,0,0,0,1440U5501_/0020,F,100,120,20
Section,498.0,0,0,0,0,1440U5501_/0020,F,100,120,20
Section,498.0,0,0,0,0,1440U5501_/0020,F,120,140,20
Section,499.0,0,0,0,0,1440U5501_/0020,F,120,140,20
Section,500.0,0,0,0,0,1440U5501_/0020,F,120,140,20
Section,501.0,0,0,0,0,1440U5501_/0020,F,120,140,20
Section,502.0,0,0,0,0,1440U5501_/0020,F,120,140,20
Section,503.0,0,0,0,0,1440U5501_/0020,F,120,140,20
Section,504.0,0,0,0,0,1440U5501_/0020,F,120,140,20
Section,505.0,0,0,0,0,1440U5501_/0020,F,120,140,20
Section,506.0,0,0,0,0,1440U5501_/0020,F,120,140,20
Section,507.0,0,0,0,0,1440U5501_/0020,F,120,140,20
Section,508.0,0,0,0,0,1440U5501_/0020,F,120,140,20
Section,509.0,0,0,0,0,1440U5501_/0020,F,120,140,20
Section,510.0,0,0,0,0,1440U5501_/0020,F,120,140,20
Section,511.0,0,0,0,0,1440U5501_/0020,F,120,140,20
Section,512.0,0,0,0,0,1440U5501_/0020,F,120,140,20
Section,513.0,0,0,0,0,1440U5501_/0020,F,120,140,20
Section,514.0,0,0,0,0,1440U5501_/0020,F,120,140,20
Section,515.0,0,0,0,0,1440U5501_/0020,F,120,140,20
Section,516.0,0,0,0,0,1440U5501_/0020,F,120,140,20
Section,517.0,0,0,0,0,1440U5501_/0020,F,120,140,20
Section,518.0,0,0,0,0,1440U5501_/0020,F,120,140,20
Section,518.0,0,0,0,0,1440U5501_/0020,F,140,160,20
Section,519.0,0,0,0,0,1440U5501_/0020,F,140,160,20
Section,520.0,0,0,0,0,1440U5501_/0020,F,140,160,20
Section,521.0,0,0,0,0,1440U5501_/0020,F,140,160,20
Section,522.0,0,0,0,0,1440U5501_/0020,F,140,160,20
Section,523.0,0,0,0,0,1440U5501_/0020,F,140,160,20
Section,524.0,0,0,0,0,1440U5501_/0020,F,140,160,20
Section,525.0,0,0,0,0,1440U5501_/0020,F,140,160,20
Section,526.0,0,0,0,0,1440U5501_/0020,F,140,160,20
Section,527.0,0,0,0,0,1440U5501_/0020,F,140,160,20
Section,528.0,0,0,0,0,1440U5501_/0020,F,140,160,20
Section,529.0,0,0,0,0,1440U5501_/0020,F,140,160,20
Section,530.0,0,0,0,0,1440U5501_/0020,F,140,160,20
Section,531.0,0,0,0,0,1440U5501_/0020,F,140,160,20
Section,532.0,0,0,0,0,1440U5501_/0020,F,140,160,20
Section,533.0,0,0,0,0,1440U5501_/0020,F,140,160,20
Section,534.0,0,0,0,0,1440U5501_/0020,F,140,160,20
Section,535.0,0,0,0,0,1440U5501_/0020,F,140,160,20
Section,536.0,0,0,0,0,1440U5501_/0020,F,140,160,20
Section,537.0,0,0,0,0,1440U5501_/0020,F,140,160,20
Section,538.0,0,0,0,0,1440U5501_/0020,F,140,160,20
Section,538.0,0,0,0,0,1440U5501_/0020,F,160,180,20
Section,539.0,0,0,0,0,1440U5501_/0020,F,160,180,20
Section,540.0,0,0,0,0,1440U5501_/0020,F,160,180,20
Section,541.0,0,0,0,0,1440U5501_/0020,F,160,180,20
Section,542.0,0,0,0,0,1440U5501_/0020,F,160,180,20
Section,543.0,0,0,0,0,1440U5501_/0020,F,160,180,20
Section,544.0,0,0,0,0,1440U5501_/0020,F,160,180,20
Section,545.0,0,0,0,0,1440U5501_/0020,F,160,180,20
Section,546.0,0,0,0,0,1440U5501_/0020,F,160,180,20
Section,547.0,0,0,0,0,1440U5501_/0020,F,160,180,20
Section,548.0,0,0,0,0,1440U5501_/0020,F,160,180,20
Section,549.0,0,0,0,0,1440U5501_/0020,F,160,180,20
Section,550.0,0,0,0,0,1440U5501_/0020,F,160,180,20
Section,551.0,0,0,0,0,1440U5501_/0020,F,160,180,20
Section,552.0,0,0,0,0,1440U5501_/0020,F,160,180,20
Section,553.0,0,0,0,0,1440U5501_/0020,F,160,180,20
Section,554.0,0,0,0,0,1440U5501_/0020,F,160,180,20
Section,555.0,0,0,0,0,1440U5501_/0020,F,160,180,20
Section,556.0,0,0,0,0,1440U5501_/0020,F,160,180,20
Section,557.0,0,0,0,0,1440U5501_/0020,F,160,180,20
Section,558.0,0,0,0,0,1440U5501_/0020,F,160,180,20
Section,558.0,0,0,0,0,1440U5501_/0020,F,180,200,20
Section,559.0,0,0,0,0,1440U5501_/0020,F,180,200,20
Section,560.0,0,0,0,0,1440U5501_/0020,F,180,200,20
Section,561.0,0,0,0,0,1440U5501_/0020,F,180,200,20
Section,562.0,0,0,0,0,1440U5501_/0020,F,180,200,20
Section,563.0,0,0,0,0,1440U5501_/0020,F,180,200,20
Section,564.0,0,0,0,0,1440U5501_/0020,F,180,200,20
Section,565.0,0,0,0,0,1440U5501_/0020,F,180,200,20
Section,566.0,0,0,0,0,1440U5501_/0020,F,180,200,20
Section,567.0,0,0,0,0,1440U5501_/0020,F,180,200,20
Section,568.0,0,0,0,0,1440U5501_/0020,F,180,200,20
Section,569.0,0,0,0,0,1440U5501_/0020,F,180,200,20
Section,570.0,0,0,0,0,1440U5501_/0020,F,180,200,20
Section,571.0,0,0,0,0,1440U5501_/0020,F,180,200,20
Section,572.0,0,0,0,0,1440U5501_/0020,F,180,200,20
Section,573.0,0,0,0,0,1440U5501_/0020,F,180,200,20
Section,574.0,0,0,0,0,1440U5501_/0020,F,180,200,20
Section,575.0,0,0,0,0,1440U5501_/0020,F,180,200,20
Section,576.0,0,0,0,0,1440U5501_/0020,F,180,200,20
Section,577.0,0,0,0,0,1440U5501_/0020,F,180,200,20
Section,578.0,0,0,0,0,1440U5501_/0020,F,180,200,20
Section,578.0,0,0,0,0,1440U5501_/0020,F,200,220,20
Section,579.0,0,0,0,0,1440U5501_/0020,F,200,220,20
Section,580.0,0,0,0,0,1440U5501_/0020,F,200,220,20
Section,581.0,0,0,0,0,1440U5501_/0020,F,200,220,20
Section,582.0,0,0,0,0,1440U5501_/0020,F,200,220,20
Section,583.0,0,0,0,0,1440U5501_/0020,F,200,220,20
Section,584.0,0,0,0,0,1440U5501_/0020,F,200,220,20
Section,585.0,0,0,0,0,1440U5501_/0020,F,200,220,20
Section,586.0,0,0,0,0,1440U5501_/0020,F,200,220,20
Section,587.0,0,0,0,0,1440U5501_/0020,F,200,220,20
Section,588.0,0,0,0,0,1440U5501_/0020,F,200,220,20
Section,589.0,0,0,0,0,1440U5501_/0020,F,200,220,20
Section,590.0,0,0,0,0,1440U5501_/0020,F,200,220,20
Section,591.0,0,0,0,0,1440U5501_/0020,F,200,220,20
Section,592.0,0,0,0,0,1440U5501_/0020,F,200,220,20
Section,593.0,0,0,0,0,1440U5501_/0020,F,200,220,20
Section,594.0,0,0,0,0,1440U5501_/0020,F,200,220,20
Section,595.0,0,0,0,0,1440U5501_/0020,F,200,220,20
Section,596.0,0,0,0,0,1440U5501_/0020,F,200,220,20
Section,597.0,0,0,0,0,1440U5501_/0020,F,200,220,20
Section,598.0,0,0,0,0,1440U5501_/0020,F,200,220,20
Section,598.0,0,0,0,0,1440U5501_/0020,F,220,240,20
Section,599.0,0,0,0,0,1440U5501_/0020,F,220,240,20
Section,600.0,0,0,0,0,1440U5501_/0020,F,220,240,20
Section,601.0,0,0,0,0,1440U5501_/0020,F,220,240,20
Section,602.0,0,0,0,0,1440U5501_/0020,F,220,240,20
Section,603.0,0,0,0,0,1440U5501_/0020,F,220,240,20
Section,604.0,0,0,0,0,1440U5501_/0020,F,220,240,20
Section,605.0,0,0,0,0,1440U5501_/0020,F,220,240,20
Section,606.0,0,0,0,0,1440U5501_/0020,F,220,240,20
Section,607.0,0,0,0,0,1440U5501_/0020,F,220,240,20
Section,608.0,0,0,0,0,1440U5501_/0020,F,220,240,20
Section,609.0,0,0,0,0,1440U5501_/0020,F,220,240,20
Section,610.0,0,0,0,0,1440U5501_/0020,F,220,240,20
Section,611.0,0,0,0,0,1440U5501_/0020,F,220,240,20
Section,612.0,0,0,0,0,1440U5501_/0020,F,220,240,20
Section,613.0,0,0,0,0,1440U5501_/0020,F,220,240,20
Section,614.0,0,0,0,0,1440U5501_/0020,F,220,240,20
Section,615.0,0,0,0,0,1440U5501_/0020,F,220,240,20
Section,616.0,0,0,0,0,1440U5501_/0020,F,220,240,20
Section,617.0,0,0,0,0,1440U5501_/0020,F,220,240,20
Section,618.0,0,0,0,0,1440U5501_/0020,F,220,240,20
Section,618.0,0,0,0,0,1440U5501_/0020,F,240,260,20
Section,619.0,0,0,0,0,1440U5501_/0020,F,240,260,20
Section,620.0,0,0,0,0,1440U5501_/0020,F,240,260,20
Section,621.0,0,0,0,0,1440U5501_/0020,F,240,260,20
Section,622.0,0,0,0,0,1440U5501_/0020,F,240,260,20
Section,623.0,0,0,0,0,1440U5501_/0020,F,240,260,20
Section,624.0,0,0,0,0,1440U5501_/0020,F,240,260,20
Section,625.0,0,0,0,0,1440U5501_/0020,F,240,260,20
Section,626.0,0,0,0,0,1440U5501_/0020,F,240,260,20
Section,627.0,0,0,0,0,1440U5501_/0020,F,240,260,20
Section,628.0,0,0,0,0,1440U5501_/0020,F,240,260,20
Section,629.0,0,0,0,0,1440U5501_/0020,F,240,260,20
Section,630.0,0,0,0,0,1440U5501_/0020,F,240,260,20
Section,631.0,0,0,0,0,1440U5501_/0020,F,240,260,20
Section,632.0,0,0,0,0,1440U5501_/0020,F,240,260,20
Section,633.0,0,0,0,0,1440U5501_/0020,F,240,260,20
Section,634.0,0,0,0,0,1440U5501_/0020,F,240,260,20
Section,635.0,0,0,0,0,1440U5501_/0020,F,240,260,20
Section,636.0,0,0,0,0,1440U5501_/0020,F,240,260,20
Section,637.0,0,0,0,0,1440U5501_/0020,F,240,260,20
Section,638.0,0,0,0,0,1440U5501_/0020,F,240,260,20
Section,638.0,0,0,0,0,1440U5501_/0020,F,260,280,20
Section,639.0,0,0,0,0,1440U5501_/0020,F,260,280,20
Section,640.0,0,0,0,0,1440U5501_/0020,F,260,280,20
Section,641.0,0,0,0,0,1440U5501_/0020,F,260,280,20
Section,642.0,0,0,0,0,1440U5501_/0020,F,260,280,20
Section,643.0,0,0,0,0,1440U5501_/0020,F,260,280,20
Section,644.0,0,0,0,0,1440U5501_/0020,F,260,280,20
Section,645.0,0,0,0,0,1440U5501_/0020,F,260,280,20
Section,646.0,0,0,0,0,1440U5501_/0020,F,260,280,20
Section,647.0,0,0,0,0,1440U5501_/0020,F,260,280,20
Section,648.0,0,0,0,0,1440U5501_/0020,F,260,280,20
Section,649.0,0,0,0,0,1440U5501_/0020,F,260,280,20
Section,650.0,0,0,0,0,1440U5501_/0020,F,260,280,20
Section,651.0,0,0,0,0,1440U5501_/0020,F,260,280,20
Section,652.0,0,0,0,0,1440U5501_/0020,F,260,280,20
Section,653.0,0,0,0,0,1440U5501_/0020,F,260,280,20
Section,654.0,0,0,0,0,1440U5501_/0020,F,260,280,20
Section,655.0,0,0,0,0,1440U5501_/0020,F,260,280,20
Section,656.0,0,0,0,0,1440U5501_/0020,F,260,280,20
Section,657.0,0,0,0,0,1440U5501_/0020,F,260,280,20
Section,658.0,0,0,0,0,1440U5501_/0020,F,260,280,20
Section,658.0,0,0,0,0,1440U5501_/0020,F,280,300,20
Section,659.0,0,0,0,0,1440U5501_/0020,F,280,300,20
Section,660.0,0,0,0,0,1440U5501_/0020,F,280,300,20
Section,661.0,0,0,0,0,1440U5501_/0020,F,280,300,20
Section,662.0,0,0,0,0,1440U5501_/0020,F,280,300,20
Section,663.0,0,0,0,0,1440U5501_/0020,F,280,300,20
Section,664.0,0,0,0,0,1440U5501_/0020,F,280,300,20
Section,665.0,0,0,0,0,1440U5501_/0020,F,280,300,20
Section,666.0,0,0,0,0,1440U5501_/0020,F,280,300,20
Section,667.0,0,0,0,0,1440U5501_/0020,F,280,300,20
Section,668.0,0,0,0,0,1440U5501_/0020,F,280,300,20
Section,669.0,0,0,0,0,1440U5501_/0020,F,280,300,20
Section,670.0,0,0,0,0,1440U5501_/0020,F,280,300,20
Section,671.0,0,0,0,0,1440U5501_/0020,F,280,300,20
Section,672.0,0,0,0,0,1440U5501_/0020,F,280,300,20
Section,673.0,0,0,0,0,1440U5501_/0020,F,280,300,20
Section,674.0,0,0,0,0,1440U5501_/0020,F,280,300,20
Section,675.0,0,0,0,0,1440U5501_/0020,F,280,300,20
Section,676.0,0,0,0,0,1440U5501_/0020,F,280,300,20
Section,677.0,0,0,0,0,1440U5501_/0020,F,280,300,20
Section,678.0,0,0,0,0,1440U5501_/0020,F,280,300,20
Section,678.0,0,0,0,0,1440U5501_/0020,F,300,320,20
Section,679.0,0,0,0,0,1440U5501_/0020,F,300,320,20
Section,680.0,0,0,0,0,1440U5501_/0020,F,300,320,20
Section,681.0,0,0,0,0,1440U5501_/0020,F,300,320,20
Section,682.0,0,0,0,0,1440U5501_/0020,F,300,320,20
Section,683.0,0,0,0,0,1440U5501_/0020,F,300,320,20
Section,684.0,0,0,0,0,1440U5501_/0020,F,300,320,20
Section,685.0,0,0,0,0,1440U5501_/0020,F,300,320,20
Section,686.0,0,0,0,0,1440U5501_/0020,F,300,320,20
Section,687.0,0,0,0,0,1440U5501_/0020,F,300,320,20
Section,688.0,0,0,0,0,1440U5501_/0020,F,300,320,20
Section,689.0,0,0,0,0,1440U5501_/0020,F,300,320,20
Section,690.0,0,0,0,0,1440U5501_/0020,F,300,320,20
Section,691.0,0,0,0,0,1440U5501_/0020,F,300,320,20
Section,692.0,0,0,0,0,1440U5501_/0020,F,300,320,20
Section,693.0,0,0,0,0,1440U5501_/0020,F,300,320,20
Section,694.0,0,0,0,0,1440U5501_/0020,F,300,320,20
Section,695.0,0,0,0,0,1440U5501_/0020,F,300,320,20
Section,696.0,0,0,0,0,1440U5501_/0020,F,300,320,20
Section,697.0,0,0,0,0,1440U5501_/0020,F,300,320,20
Section,698.0,0,0,0,0,1440U5501_/0020,F,300,320,20
Section,698.0,0,0,0,0,1440U5501_/0020,F,320,340,20
Section,699.0,0,0,0,0,1440U5501_/0020,F,320,340,20
Section,700.0,0,0,0,0,1440U5501_/0020,F,320,340,20
Section,701.0,0,0,0,0,1440U5501_/0020,F,320,340,20
Section,702.0,0,0,0,0,1440U5501_/0020,F,320,340,20
Section,703.0,0,0,0,0,1440U5501_/0020,F,320,340,20
Section,704.0,0,0,0,0,1440U5501_/0020,F,320,340,20
Section,705.0,0,0,0,0,1440U5501_/0020,F,320,340,20
Section,706.0,0,0,0,0,1440U5501_/0020,F,320,340,20
Section,707.0,0,0,0,0,1440U5501_/0020,F,320,340,20
Section,708.0,0,0,0,0,1440U5501_/0020,F,320,340,20
Section,709.0,0,0,0,0,1440U5501_/0020,F,320,340,20
Section,710.0,0,0,0,0,1440U5501_/0020,F,320,340,20
Section,711.0,0,0,0,0,1440U5501_/0020,F,320,340,20
Section,712.0,0,0,0,0,1440U5501_/0020,F,320,340,20
Section,713.0,0,0,0,0,1440U5501_/0020,F,320,340,20
Section,714.0,0,0,0,0,1440U5501_/0020,F,320,340,20
Section,715.0,0,0,0,0,1440U5501_/0020,F,320,340,20
Section,716.0,0,0,0,0,1440U5501_/0020,F,320,340,20
Section,717.0,0,0,0,0,1440U5501_/0020,F,320,340,20
Section,718.0,0,0,0,0,1440U5501_/0020,F,320,340,20
Section,718.0,0,0,0,0,1440U5501_/0020,F,340,360,20
Section,719.0,0,0,0,0,1440U5501_/0020,F,340,360,20
Section,720.0,0,0,0,0,1440U5501_/0020,F,340,360,20
Section,721.0,0,0,0,0,1440U5501_/0020,F,340,360,20
Section,722.0,0,0,0,0,1440U5501_/0020,F,340,360,20
Section,723.0,0,0,0,0,1440U5501_/0020,F,340,360,20
Section,724.0,0,0,0,0,1440U5501_/0020,F,340,360,20
Section,725.0,0,0,0,0,1440U5501_/0020,F,340,360,20
Section,726.0,0,0,0,0,1440U5501_/0020,F,340,360,20
Section,727.0,0,0,0,0,1440U5501_/0020,F,340,360,20
Section,728.0,0,0,0,0,1440U5501_/0020,F,340,360,20
Section,729.0,0,0,0,0,1440U5501_/0020,F,340,360,20
Section,730.0,0,0,0,0,1440U5501_/0020,F,340,360,20
Section,731.0,0,0,0,0,1440U5501_/0020,F,340,360,20
Section,732.0,0,0,0,0,1440U5501_/0020,F,340,360,20
Section,733.0,0,0,0,0,1440U5501_/0020,F,340,360,20
Section,734.0,0,0,0,0,1440U5501_/0020,F,340,360,20
Section,735.0,0,0,0,0,1440U5501_/0020,F,340,360,20
Section,736.0,0,0,0,0,1440U5501_/0020,F,340,360,20
Section,737.0,0,0,0,0,1440U5501_/0020,F,340,360,20
Section,738.0,0,0,0,0,1440U5501_/0020,F,340,360,20
Section,738.0,0,0,0,0,1440U5501_/0020,F,360,380,20
Section,739.0,0,0,0,0,1440U5501_/0020,F,360,380,20
Section,740.0,0,0,0,0,1440U5501_/0020,F,360,380,20
Section,741.0,0,0,0,0,1440U5501_/0020,F,360,380,20
Section,742.0,0,0,0,0,1440U5501_/0020,F,360,380,20
Section,743.0,0,0,0,0,1440U5501_/0020,F,360,380,20
Section,744.0,0,0,0,0,1440U5501_/0020,F,360,380,20
Section,745.0,0,0,0,0,1440U5501_/0020,F,360,380,20
Section,746.0,0,0,0,0,1440U5501_/0020,F,360,380,20
Section,747.0,0,0,0,0,1440U5501_/0020,F,360,380,20
Section,748.0,0,0,0,0,1440U5501_/0020,F,360,380,20
Section,749.0,0,0,0,0,1440U5501_/0020,F,360,380,20
Section,750.0,0,0,0,0,1440U5501_/0020,F,360,380,20
Section,751.0,0,0,0,0,1440U5501_/0020,F,360,380,20
Section,752.0,0,0,0,0,1440U5501_/0020,F,360,380,20
Section,753.0,0,0,0,0,1440U5501_/0020,F,360,380,20
Section,754.0,0,0,0,0,1440U5501_/0020,F,360,380,20
Section,755.0,0,0,0,0,1440U5501_/0020,F,360,380,20
Section,756.0,0,0,0,0,1440U5501_/0020,F,360,380,20
Section,757.0,0,0,0,0,1440U5501_/0020,F,360,380,20
Section,758.0,0,0,0,0,1440U5501_/0020,F,360,380,20
Section,758.0,0,0,0,0,1440U5501_/0020,F,380,400,20
Section,759.0,0,0,0,0,1440U5501_/0020,F,380,400,20
Section,760.0,0,0,0,0,1440U5501_/0020,F,380,400,20
Section,761.0,0,0,0,0,1440U5501_/0020,F,380,400,20
Section,762.0,0,0,0,0,1440U5501_/0020,F,380,400,20
Section,763.0,0,0,0,0,1440U5501_/0020,F,380,400,20
Section,764.0,0,0,0,0,1440U5501_/0020,F,380,400,20
Section,765.0,0,0,0,0,1440U5501_/0020,F,380,400,20
Section,766.0,0,0,0,0,1440U5501_/0020,F,380,400,20
Section,767.0,0,0,0,0,1440U5501_/0020,F,380,400,20
Section,768.0,0,0,0,0,1440U5501_/0020,F,380,400,20
Section,769.0,0,0,0,0,1440U5501_/0020,F,380,400,20
Section,770.0,0,0,0,0,1440U5501_/0020,F,380,400,20
Section,771.0,0,0,0,0,1440U5501_/0020,F,380,400,20
Section,772.0,0,0,0,0,1440U5501_/0020,F,380,400,20
Section,773.0,0,0,0,0,1440U5501_/0020,F,380,400,20
Section,774.0,0,0,0,0,1440U5501_/0020,F,380,400,20
Section,775.0,0,0,0,0,1440U5501_/0020,F,380,400,20
Section,776.0,0,0,0,0,1440U5501_/0020,F,380,400,20
Section,777.0,0,0,0,0,1440U5501_/0020,F,380,400,20
Section,778.0,0,0,0,0,1440U5501_/0020,F,380,400,20
Section,778.0,0,0,0,0,1440U5501_/0020,F,400,420,20
Section,779.0,0,0,0,0,1440U5501_/0020,F,400,420,20
Section,780.0,0,0,0,0,1440U5501_/0020,F,400,420,20
Section,781.0,0,0,0,0,1440U5501_/0020,F,400,420,20
Section,782.0,0,0,0,0,1440U5501_/0020,F,400,420,20
Section,783.0,0,0,0,0,1440U5501_/0020,F,400,420,20
Section,784.0,0,0,0,0,1440U5501_/0020,F,400,420,20
Section,785.0,0,0,0,0,1440U5501_/0020,F,400,420,20
Section,786.0,0,0,0,0,1440U5501_/0020,F,400,420,20
Section,787.0,0,0,0,0,1440U5501_/0020,F,400,420,20
Section,788.0,0,0,0,0,1440U5501_/0020,F,400,420,20
Section,789.0,0,0,0,0,1440U5501_/0020,F,400,420,20
Section,790.0,0,0,0,0,1440U5501_/0020,F,400,420,20
Section,791.0,0,0,0,0,1440U5501_/0020,F,400,420,20
Section,792.0,0,0,0,0,1440U5501_/0020,F,400,420,20
Section,793.0,0,0,0,0,1440U5501_/0020,F,400,420,20
Section,794.0,0,0,0,0,1440U5501_/0020,F,400,420,20
Section,795.0,0,0,0,0,1440U5501_/0020,F,400,420,20
Section,796.0,0,0,0,0,1440U5501_/0020,F,400,420,20
Section,797.0,0,0,0,0,1440U5501_/0020,F,400,420,20
Section,798.0,0,0,0,0,1440U5501_/0020,F,400,420,20
Section,798.0,0,0,0,0,1440U5501_/0020,F,420,440,20
Section,799.0,0,0,0,0,1440U5501_/0020,F,420,440,20
Section,800.0,0,0,0,0,1440U5501_/0020,F,420,440,20
Section,801.0,0,0,0,0,1440U5501_/0020,F,420,440,20
Section,802.0,0,0,0,0,1440U5501_/0020,F,420,440,20
Section,803.0,0,0,0,0,1440U5501_/0020,F,420,440,20
Section,804.0,0,0,0,0,1440U5501_/0020,F,420,440,20
Section,805.0,0,0,0,0,1440U5501_/0020,F,420,440,20
Section,806.0,0,0,0,0,1440U5501_/0020,F,420,440,20
Section,807.0,0,0,0,0,1440U5501_/0020,F,420,440,20
Section,808.0,0,0,0,0,1440U5501_/0020,F,420,440,20
Section,809.0,0,0,0,0,1440U5501_/0020,F,420,440,20
Section,810.0,0,0,0,0,1440U5501_/0020,F,420,440,20
Section,811.0,0,0,0,0,1440U5501_/0020,F,420,440,20
Section,812.0,0,0,0,0,1440U5501_/0020,F,420,440,20
Section,813.0,0,0,0,0,1440U5501_/0020,F,420,440,20
Section,814.0,0,0,0,0,1440U5501_/0020,F,420,440,20
Section,815.0,0,0,0,0,1440U5501_/0020,F,420,440,20
Section,816.0,0,0,0,0,1440U5501_/0020,F,420,440,20
Section,817.0,0,0,0,0,1440U5501_/0020,F,420,440,20
Section,818.0,0,0,0,0,1440U5501_/0020,F,420,440,20
Section,818.0,0,0,0,0,1440U5501_/0020,F,440,460,20
Section,819.0,0,0,0,0,1440U5501_/0020,F,440,460,20
Section,820.0,0,0,0,0,1440U5501_/0020,F,440,460,20
Section,821.0,0,0,0,0,1440U5501_/0020,F,440,460,20
Section,822.0,0,0,0,0,1440U5501_/0020,F,440,460,20
Section,823.0,0,0,0,0,1440U5501_/0020,F,440,460,20
Section,824.0,0,0,0,0,1440U5501_/0020,F,440,460,20
Section,825.0,0,0,0,0,1440U5501_/0020,F,440,460,20
Section,826.0,0,0,0,0,1440U5501_/0020,F,440,460,20
Section,827.0,0,0,0,0,1440U5501_/0020,F,440,460,20
Section,828.0,0,0,0,0,1440U5501_/0020,F,440,460,20
Section,829.0,0,0,0,0,1440U5501_/0020,F,440,460,20
Section,830.0,0,0,0,0,1440U5501_/0020,F,440,460,20
Section,831.0,0,0,0,0,1440U5501_/0020,F,440,460,20
Section,832.0,0,0,0,0,1440U5501_/0020,F,440,460,20
Section,833.0,0,0,0,0,1440U5501_/0020,F,440,460,20
Section,834.0,0,0,0,0,1440U5501_/0020,F,440,460,20
Section,835.0,0,0,0,0,1440U5501_/0020,F,440,460,20
Section,836.0,0,0,0,0,1440U5501_/0020,F,440,460,20
Section,837.0,0,0,0,0,1440U5501_/0020,F,440,460,20
Section,838.0,0,0,0,0,1440U5501_/0020,F,440,460,20
Section,838.0,0,0,0,0,1440U5501_/0020,F,460,480,20
Section,839.0,0,0,0,0,1440U5501_/0020,F,460,480,20
Section,840.0,0,0,0,0,1440U5501_/0020,F,460,480,20
Section,841.0,0,0,0,0,1440U5501_/0020,F,460,480,20
Section,842.0,0,0,0,0,1440U5501_/0020,F,460,480,20
Section,843.0,0,0,0,0,1440U5501_/0020,F,460,480,20
Section,844.0,0,0,0,0,1440U5501_/0020,F,460,480,20
Section,845.0,0,0,0,0,1440U5501_/0020,F,460,480,20
Section,846.0,0,0,0,0,1440U5501_/0020,F,460,480,20
Section,847.0,0,0,0,0,1440U5501_/0020,F,460,480,20
Section,848.0,0,0,0,0,1440U5501_/0020,F,460,480,20
Section,849.0,0,0,0,0,1440U5501_/0020,F,460,480,20
Section,850.0,0,0,0,0,1440U5501_/0020,F,460,480,20
Section,851.0,0,0,0,0,1440U5501_/0020,F,460,480,20
Section,852.0,0,0,0,0,1440U5501_/0020,F,460,480,20
Section,853.0,0,0,0,0,1440U5501_/0020,F,460,480,20
Section,854.0,0,0,0,0,1440U5501_/0020,F,460,480,20
Section,855.0,0,0,0,0,1440U5501_/0020,F,460,480,20
Section,856.0,0,0,0,0,1440U5501_/0020,F,460,480,20
Section,857.0,0,0,0,0,1440U5501_/0020,F,460,480,20
Section,858.0,0,0,0,0,1440U5501_/0020,F,460,480,20
Section,858.0,0,0,0,0,1440U5501_/0020,F,480,500,20
Section,859.0,0,0,0,0,1440U5501_/0020,F,480,500,20
Section,860.0,0,0,0,0,1440U5501_/0020,F,480,500,20
Section,861.0,0,0,0,0,1440U5501_/0020,F,480,500,20
Section,862.0,0,0,0,0,1440U5501_/0020,F,480,500,20
Section,863.0,0,0,0,0,1440U5501_/0020,F,480,500,20
Section,864.0,0,0,0,0,1440U5501_/0020,F,480,500,20
Section,865.0,0,0,0,0,1440U5501_/0020,F,480,500,20
Section,866.0,0,0,0,0,1440U5501_/0020,F,480,500,20
Section,867.0,0,0,0,0,1440U5501_/0020,F,480,500,20
Section,868.0,0,0,0,0,1440U5501_/0020,F,480,500,20
Section,869.0,0,0,0,0,1440U5501_/0020,F,480,500,20
Section,870.0,0,0,0,0,1440U5501_/0020,F,480,500,20
Section,871.0,0,0,0,0,1440U5501_/0020,F,480,500,20
Section,872.0,0,0,0,0,1440U5501_/0020,F,480,500,20
Section,873.0,0,0,0,0,1440U5501_/0020,F,480,500,20
Section,874.0,0,0,0,0,1440U5501_/0020,F,480,500,20
Section,875.0,0,0,0,0,1440U5501_/0020,F,480,500,20
Section,876.0,0,0,0,0,1440U5501_/0020,F,480,500,20
Section,877.0,0,0,0,0,1440U5501_/0020,F,480,500,20
Section,878.0,0,0,0,0,1440U5501_/0020,F,480,500,20
Section,878.0,0,0,0,0,1440U5501_/0020,F,500,520,20
Section,879.0,0,0,0,0,1440U5501_/0020,F,500,520,20
Section,880.0,0,0,0,0,1440U5501_/0020,F,500,520,20
Section,881.0,0,0,0,0,1440U5501_/0020,F,500,520,20
Section,882.0,0,0,0,0,1440U5501_/0020,F,500,520,20
Section,883.0,0,0,0,0,1440U5501_/0020,F,500,520,20
Section,884.0,0,0,0,0,1440U5501_/0020,F,500,520,20
Section,885.0,0,0,0,0,1440U5501_/0020,F,500,520,20
Section,886.0,0,0,0,0,1440U5501_/0020,F,500,520,20
Section,887.0,0,0,0,0,1440U5501_/0020,F,500,520,20
Section,888.0,0,0,0,0,1440U5501_/0020,F,500,520,20
Section,889.0,0,0,0,0,1440U5501_/0020,F,500,520,20
Section,890.0,0,0,0,0,1440U5501_/0020,F,500,520,20
Section,891.0,0,0,0,0,1440U5501_/0020,F,500,520,20
Section,892.0,0,0,0,0,1440U5501_/0020,F,500,520,20
Section,893.0,0,0,0,0,1440U5501_/0020,F,500,520,20
Section,894.0,0,0,0,0,1440U5501_/0020,F,500,520,20
Section,895.0,0,0,0,0,1440U5501_/0020,F,500,520,20
Section,896.0,0,0,0,0,1440U5501_/0020,F,500,520,20
Section,897.0,0,0,0,0,1440U5501_/0020,F,500,520,20
Section,898.0,0,0,0,0,1440U5501_/0020,F,500,520,20
Section,898.0,0,0,0,0,1440U5501_/0020,F,520,540,20
Section,899.0,0,0,0,0,1440U5501_/0020,F,520,540,20
Section,900.0,0,0,0,0,1440U5501_/0020,F,520,540,20
Section,901.0,0,0,0,0,1440U5501_/0020,F,520,540,20
Section,902.0,0,0,0,0,1440U5501_/0020,F,520,540,20
Section,903.0,0,0,0,0,1440U5501_/0020,F,520,540,20
Section,904.0,0,0,0,0,1440U5501_/0020,F,520,540,20
Section,905.0,0,0,0,0,1440U5501_/0020,F,520,540,20
Section,906.0,0,0,0,0,1440U5501_/0020,F,520,540,20
Section,907.0,0,0,0,0,1440U5501_/0020,F,520,540,20
Section,908.0,0,0,0,0,1440U5501_/0020,F,520,540,20
Section,909.0,0,0,0,0,1440U5501_/0020,F,520,540,20
Section,910.0,0,0,0,0,1440U5501_/0020,F,520,540,20
Section,911.0,0,0,0,0,1440U5501_/0020,F,520,540,20
Section,912.0,0,0,0,0,1440U5501_/0020,F,520,540,20
Section,913.0,0,0,0,0,1440U5501_/0020,F,520,540,20
Section,914.0,0,0,0,0,1440U5501_/0020,F,520,540,20
Section,915.0,0,0,0,0,1440U5501_/0020,F,520,540,20
Section,916.0,0,0,0,0,1440U5501_/0020,F,520,540,20
Section,917.0,0,0,0,0,1440U5501_/0020,F,520,540,20
Section,918.0,0,0,0,0,1440U5501_/0020,F,520,540,20
Section,918.0,0,0,0,0,1440U5501_/0020,F,540,560,20
Section,919.0,0,0,0,0,1440U5501_/0020,F,540,560,20
Section,920.0,0,0,0,0,1440U5501_/0020,F,540,560,20
Section,921.0,0,0,0,0,1440U5501_/0020,F,540,560,20
Section,922.0,0,0,0,0,1440U5501_/0020,F,540,560,20
Section,923.0,0,0,0,0,1440U5501_/0020,F,540,560,20
Section,924.0,0,0,0,0,1440U5501_/0020,F,540,560,20
Section,925.0,0,0,0,0,1440U5501_/0020,F,540,560,20
Section,926.0,0,0,0,0,1440U5501_/0020,F,540,560,20
Section,927.0,0,0,0,0,1440U5501_/0020,F,540,560,20
Section,928.0,0,0,0,0,1440U5501_/0020,F,540,560,20
Section,929.0,0,0,0,0,1440U5501_/0020,F,540,560,20
Section,930.0,0,0,0,0,1440U5501_/0020,F,540,560,20
Section,931.0,0,0,0,0,1440U5501_/0020,F,540,560,20
Section,932.0,0,0,0,0,1440U5501_/0020,F,540,560,20
Section,933.0,0,0,0,0,1440U5501_/0020,F,540,560,20
Section,934.0,0,0,0,0,1440U5501_/0020,F,540,560,20
Section,935.0,0,0,0,0,1440U5501_/0020,F,540,560,20
Section,936.0,0,0,0,0,1440U5501_/0020,F,540,560,20
Section,937.0,0,0,0,0,1440U5501_/0020,F,540,560,20
Section,938.0,0,0,0,0,1440U5501_/0020,F,540,560,20
Section,938.0,0,0,0,0,1440U5501_/0020,F,560,580,20
Section,939.0,0,0,0,0,1440U5501_/0020,F,560,580,20
Section,940.0,0,0,0,0,1440U5501_/0020,F,560,580,20
Section,941.0,0,0,0,0,1440U5501_/0020,F,560,580,20
Section,942.0,0,0,0,0,1440U5501_/0020,F,560,580,20
Section,943.0,0,0,0,0,1440U5501_/0020,F,560,580,20
Section,944.0,0,0,0,0,1440U5501_/0020,F,560,580,20
Section,945.0,0,0,0,0,1440U5501_/0020,F,560,580,20
Section,946.0,0,0,0,0,1440U5501_/0020,F,560,580,20
Section,947.0,0,0,0,0,1440U5501_/0020,F,560,580,20
Section,948.0,0,0,0,0,1440U5501_/0020,F,560,580,20
Section,949.0,0,0,0,0,1440U5501_/0020,F,560,580,20
Section,950.0,0,0,0,0,1440U5501_/0020,F,560,580,20
Section,951.0,0,0,0,0,1440U5501_/0020,F,560,580,20
Section,952.0,0,0,0,0,1440U5501_/0020,F,560,580,20
Section,953.0,0,0,0,0,1440U5501_/0020,F,560,580,20
Section,954.0,0,0,0,0,1440U5501_/0020,F,560,580,20
Section,955.0,0,0,0,0,1440U5501_/0020,F,560,580,20
Section,956.0,0,0,0,0,1440U5501_/0020,F,560,580,20
Section,957.0,0,0,0,0,1440U5501_/0020,F,560,580,20
Section,958.0,0,0,0,0,1440U5501_/0020,F,560,580,20
Section,958.0,0,0,0,0,1440U5501_/0020,F,580,600,20
Section,959.0,0,0,0,0,1440U5501_/0020,F,580,600,20
Section,960.0,0,0,0,0,1440U5501_/0020,F,580,600,20
Section,961.0,0,0,0,0,1440U5501_/0020,F,580,600,20
Section,962.0,0,0,0,0,1440U5501_/0020,F,580,600,20
Section,963.0,0,0,0,3,1440U5501_/0020,F,580,600,20
Section,964.0,0,0,0,3,1440U5501_/0020,F,580,600,20
Section,965.0,0,0,0,3,1440U5501_/0020,F,580,600,20
Section,966.0,0,0,0,3,1440U5501_/0020,F,580,600,20
Section,967.0,0,0,0,3,1440U5501_/0020,F,580,600,20
Section,968.0,0,0,0,3,1440U5501_/0020,F,580,600,20
Section,969.0,0,0,0,3,1440U5501_/0020,F,580,600,20
Section,970.0,0,0,0,3,1440U5501_/0020,F,580,600,20
Section,971.0,0,0,0,3,1440U5501_/0020,F,580,600,20
Section,972.0,0,0,0,0,1440U5501_/0020,F,580,600,20
Section,973.0,0,0,0,0,1440U5501_/0020,F,580,600,20
Section,974.0,5,5,5,5,1440U5501_/0020,F,580,600,20
Section,975.0,0,0,0,0,1440U5501_/0020,F,580,600,20
Section,976.0,0,0,0,0,1440U5501_/0020,F,580,600,20
Section,977.0,0,0,0,0,1440U5501_/0020,F,580,600,20
Section,978.0,0,0,0,0,1440U5501_/0020,F,580,600,20
Section,978.0,0,0,0,0,1440U5501_/0020,F,600,619,19
Section,979.0,0,0,0,0,1440U5501_/0020,F,600,619,19
Section,980.0,5,5,5,5,1440U5501_/0020,F,600,619,19
Section,981.0,0,0,0,0,1440U5501_/0020,F,600,619,19
Section,982.0,0,0,0,0,1440U5501_/0020,F,600,619,19
Section,983.0,0,0,0,0,1440U5501_/0020,F,600,619,19
Section,984.0,5,5,5,5,1440U5501_/0020,F,600,619,19
Section,985.0,0,0,0,0,1440U5501_/0020,F,600,619,19
Section,986.0,5,5,5,5,1440U5501_/0020,F,600,619,19
Section,987.0,0,0,0,0,1440U5501_/0020,F,600,619,19
Section,988.0,0,0,0,0,1440U5501_/0020,F,600,619,19
Section,989.0,8,8,8,8,1440U5501_/0020,F,600,619,19
Section,990.0,8,8,8,8,1440U5501_/0020,F,600,619,19
Section,991.0,0,0,0,0,1440U5501_/0020,F,600,619,19
Section,992.0,5,0,0,5,1440U5501_/0020,F,600,619,19
Section,993.0,8,8,8,8,1440U5501_/0020,F,600,619,19
Section,994.0,8,8,8,8,1440U5501_/0020,F,600,619,19
Section,995.0,8,8,8,8,1440U5501_/0020,F,600,619,19
Section,996.0,5,5,5,5,1440U5501_/0020,F,600,619,19
Section,997.0,8,8,8,8,1440U5501_/0020,F,600,619,19
Section,1002.0,0,0,0,0,1440U5501_/0050,F,0,20,20
Section,1003.0,0,5,5,0,1440U5501_/0050,F,0,20,20
Section,1004.0,0,5,5,0,1440U5501_/0050,F,0,20,20
Section,1005.0,0,5,5,0,1440U5501_/0050,F,0,20,20
Section,1006.0,0,5,5,0,1440U5501_/0050,F,0,20,20
Section,1007.0,0,0,0,0,1440U5501_/0050,F,0,20,20
Section,1008.0,0,0,0,0,1440U5501_/0050,F,0,20,20
Section,1009.0,0,0,0,0,1440U5501_/0050,F,0,20,20
Section,1010.0,5,5,5,5,1440U5501_/0050,F,0,20,20
Section,1011.0,0,0,0,0,1440U5501_/0050,F,0,20,20
Section,1012.0,0,0,0,0,1440U5501_/0050,F,0,20,20
Section,1013.0,0,0,0,0,1440U5501_/0050,F,0,20,20
Section,1014.0,0,0,0,0,1440U5501_/0050,F,0,20,20
Section,1015.0,3,0,0,0,1440U5501_/0050,F,0,20,20
Section,1016.0,3,0,0,0,1440U5501_/0050,F,0,20,20
Section,1017.0,3,0,0,0,1440U5501_/0050,F,0,20,20
Section,1018.0,3,0,0,0,1440U5501_/0050,F,0,20,20
Section,1019.0,3,0,0,0,1440U5501_/0050,F,0,20,20
Section,1020.0,3,0,0,0,1440U5501_/0050,F,0,20,20
Section,1021.0,3,0,0,0,1440U5501_/0050,F,0,20,20
Section,1022.0,3,0,0,0,1440U5501_/0050,F,0,20,20
Section,1022.0,3,0,0,0,1440U5501_/0050,F,20,40,20
Section,1023.0,3,0,0,0,1440U5501_/0050,F,20,40,20
Section,1024.0,3,0,0,0,1440U5501_/0050,F,20,40,20
Section,1025.0,0,0,0,0,1440U5501_/0050,F,20,40,20
Section,1026.0,0,0,0,0,1440U5501_/0050,F,20,40,20
Section,1027.0,0,0,0,0,1440U5501_/0050,F,20,40,20
Section,1028.0,0,0,0,0,1440U5501_/0050,F,20,40,20
Section,1029.0,0,0,0,0,1440U5501_/0050,F,20,40,20
Section,1030.0,0,0,0,0,1440U5501_/0050,F,20,40,20
Section,1031.0,0,0,0,0,1440U5501_/0050,F,20,40,20
Section,1032.0,5,5,5,5,1440U5501_/0050,F,20,40,20
Section,1033.0,0,0,0,0,1440U5501_/0050,F,20,40,20
Section,1034.0,0,0,0,0,1440U5501_/0050,F,20,40,20
Section,1035.0,0,0,0,0,1440U5501_/0050,F,20,40,20
Section,1036.0,0,0,0,0,1440U5501_/0050,F,20,40,20
Section,1037.0,0,0,0,0,1440U5501_/0050,F,20,40,20
Section,1038.0,0,0,0,0,1440U5501_/0050,F,20,40,20
Section,1039.0,0,0,0,0,1440U5501_/0050,F,20,40,20
Section,1040.0,0,0,0,0,1440U5501_/0050,F,20,40,20
Section,1041.0,0,0,0,0,1440U5501_/0050,F,20,40,20
Section,1042.0,0,0,0,0,1440U5501_/0050,F,20,40,20
Section,1042.0,0,0,0,0,1440U5501_/0050,F,40,60,20
Section,1043.0,0,0,0,0,1440U5501_/0050,F,40,60,20
Section,1044.0,0,0,0,0,1440U5501_/0050,F,40,60,20
Section,1045.0,0,0,0,0,1440U5501_/0050,F,40,60,20
Section,1046.0,0,0,0,0,1440U5501_/0050,F,40,60,20
Section,1047.0,0,0,0,0,1440U5501_/0050,F,40,60,20
Section,1048.0,0,0,0,0,1440U5501_/0050,F,40,60,20
Section,1049.0,0,0,0,0,1440U5501_/0050,F,40,60,20
Section,1050.0,0,0,0,0,1440U5501_/0050,F,40,60,20
Section,1051.0,0,0,0,0,1440U5501_/0050,F,40,60,20
Section,1052.0,0,0,0,0,1440U5501_/0050,F,40,60,20
Section,1053.0,0,0,0,0,1440U5501_/0050,F,40,60,20
Section,1054.0,0,0,0,0,1440U5501_/0050,F,40,60,20
Section,1055.0,0,0,0,0,1440U5501_/0050,F,40,60,20
Section,1056.0,0,0,0,0,1440U5501_/0050,F,40,60,20
Section,1057.0,0,0,0,0,1440U5501_/0050,F,40,60,20
Section,1058.0,0,0,0,0,1440U5501_/0050,F,40,60,20
Section,1059.0,0,0,0,0,1440U5501_/0050,F,40,60,20
Section,1060.0,0,0,0,0,1440U5501_/0050,F,40,60,20
Section,1061.0,0,0,0,0,1440U5501_/0050,F,40,60,20
Section,1062.0,0,0,0,0,1440U5501_/0050,F,40,60,20
Section,1062.0,0,0,0,0,1440U5501_/0050,F,60,80,20
Section,1063.0,0,0,0,0,1440U5501_/0050,F,60,80,20
Section,1064.0,0,0,0,0,1440U5501_/0050,F,60,80,20
Section,1065.0,0,0,0,0,1440U5501_/0050,F,60,80,20
Section,1066.0,0,0,0,0,1440U5501_/0050,F,60,80,20
Section,1067.0,0,0,0,0,1440U5501_/0050,F,60,80,20
Section,1068.0,0,0,0,0,1440U5501_/0050,F,60,80,20
Section,1069.0,0,0,0,0,1440U5501_/0050,F,60,80,20
Section,1070.0,0,0,0,0,1440U5501_/0050,F,60,80,20
Section,1071.0,0,0,0,0,1440U5501_/0050,F,60,80,20
Section,1072.0,0,0,4,0,1440U5501_/0050,F,60,80,20
Section,1073.0,0,0,4,0,1440U5501_/0050,F,60,80,20
Section,1074.0,0,0,4,0,1440U5501_/0050,F,60,80,20
Section,1075.0,0,0,4,0,1440U5501_/0050,F,60,80,20
Section,1076.0,0,0,0,0,1440U5501_/0050,F,60,80,20
Section,1077.0,0,0,0,0,1440U5501_/0050,F,60,80,20
Section,1078.0,0,0,0,0,1440U5501_/0050,F,60,80,20
Section,1079.0,0,0,0,0,1440U5501_/0050,F,60,80,20
Section,1080.0,0,0,0,0,1440U5501_/0050,F,60,80,20
Section,1081.0,0,4,0,0,1440U5501_/0050,F,60,80,20
Section,1082.0,0,4,0,0,1440U5501_/0050,F,60,80,20
Section,1082.0,0,4,0,0,1440U5501_/0050,F,80,100,20
Section,1083.0,0,4,0,0,1440U5501_/0050,F,80,100,20
Section,1084.0,0,4,0,0,1440U5501_/0050,F,80,100,20
Section,1085.0,0,4,0,0,1440U5501_/0050,F,80,100,20
Section,1086.0,0,4,0,0,1440U5501_/0050,F,80,100,20
Section,1087.0,0,0,0,0,1440U5501_/0050,F,80,100,20
Section,1088.0,0,0,0,0,1440U5501_/0050,F,80,100,20
Section,1089.0,0,0,0,0,1440U5501_/0050,F,80,100,20
Section,1090.0,0,0,0,0,1440U5501_/0050,F,80,100,20
Section,1091.0,0,4,0,0,1440U5501_/0050,F,80,100,20
Section,1092.0,0,4,0,0,1440U5501_/0050,F,80,100,20
Section,1093.0,0,4,0,0,1440U5501_/0050,F,80,100,20
Section,1094.0,0,4,0,0,1440U5501_/0050,F,80,100,20
Section,1095.0,0,4,0,0,1440U5501_/0050,F,80,100,20
Section,1096.0,0,0,0,0,1440U5501_/0050,F,80,100,20
Section,1097.0,0,0,0,0,1440U5501_/0050,F,80,100,20
Section,1098.0,0,0,0,0,1440U5501_/0050,F,80,100,20
Section,1099.0,0,0,0,0,1440U5501_/0050,F,80,100,20
Section,1100.0,0,0,0,0,1440U5501_/0050,F,80,100,20
Section,1101.0,0,0,0,0,1440U5501_/0050,F,80,100,20
Section,1102.0,0,0,0,0,1440U5501_/0050,F,80,100,20
Section,1102.0,0,0,0,0,1440U5501_/0050,F,100,120,20
Section,1103.0,0,0,0,0,1440U5501_/0050,F,100,120,20
Section,1104.0,0,0,0,0,1440U5501_/0050,F,100,120,20
Section,1105.0,0,0,0,0,1440U5501_/0050,F,100,120,20
Section,1106.0,0,0,0,0,1440U5501_/0050,F,100,120,20
Section,1107.0,0,0,0,0,1440U5501_/0050,F,100,120,20
Section,1108.0,0,0,0,0,1440U5501_/0050,F,100,120,20
Section,1109.0,0,0,0,0,1440U5501_/0050,F,100,120,20
Section,1110.0,0,0,0,0,1440U5501_/0050,F,100,120,20
Section,1111.0,0,0,0,0,1440U5501_/0050,F,100,120,20
Section,1112.0,0,0,0,0,1440U5501_/0050,F,100,120,20
Section,1113.0,0,0,0,0,1440U5501_/0050,F,100,120,20
Section,1114.0,0,0,4,0,1440U5501_/0050,F,100,120,20
Section,1115.0,0,0,4,0,1440U5501_/0050,F,100,120,20
Section,1116.0,0,0,4,0,1440U5501_/0050,F,100,120,20
Section,1117.0,0,0,4,0,1440U5501_/0050,F,100,120,20
Section,1118.0,0,0,4,0,1440U5501_/0050,F,100,120,20
Section,1119.0,0,0,4,0,1440U5501_/0050,F,100,120,20
Section,1120.0,0,0,4,0,1440U5501_/0050,F,100,120,20
Section,1121.0,0,0,4,0,1440U5501_/0050,F,100,120,20
Section,1122.0,0,0,0,0,1440U5501_/0050,F,100,120,20
Section,1122.0,0,0,0,0,1440U5501_/0050,F,120,140,20
Section,1123.0,0,0,0,0,1440U5501_/0050,F,120,140,20
Section,1124.0,0,0,0,0,1440U5501_/0050,F,120,140,20
Section,1125.0,0,0,0,0,1440U5501_/0050,F,120,140,20
Section,1126.0,0,0,0,0,1440U5501_/0050,F,120,140,20
Section,1127.0,0,0,0,0,1440U5501_/0050,F,120,140,20
Section,1128.0,0,0,0,0,1440U5501_/0050,F,120,140,20
Section,1129.0,0,0,0,0,1440U5501_/0050,F,120,140,20
Section,1130.0,0,0,0,0,1440U5501_/0050,F,120,140,20
Section,1131.0,0,0,0,0,1440U5501_/0050,F,120,140,20
Section,1132.0,0,0,0,0,1440U5501_/0050,F,120,140,20
Section,1133.0,0,0,0,0,1440U5501_/0050,F,120,140,20
Section,1134.0,0,0,0,0,1440U5501_/0050,F,120,140,20
Section,1135.0,0,0,0,0,1440U5501_/0050,F,120,140,20
Section,1136.0,0,0,0,0,1440U5501_/0050,F,120,140,20
Section,1137.0,0,0,0,0,1440U5501_/0050,F,120,140,20
Section,1138.0,0,0,0,0,1440U5501_/0050,F,120,140,20
Section,1139.0,0,0,0,0,1440U5501_/0050,F,120,140,20
Section,1140.0,0,0,0,0,1440U5501_/0050,F,120,140,20
Section,1141.0,0,0,0,0,1440U5501_/0050,F,120,140,20
Section,1142.0,0,0,0,0,1440U5501_/0050,F,120,140,20
Section,1142.0,0,0,0,0,1440U5501_/0050,F,140,160,20
Section,1143.0,5,5,5,5,1440U5501_/0050,F,140,160,20
Section,1144.0,0,0,0,0,1440U5501_/0050,F,140,160,20
Section,1145.0,0,0,0,0,1440U5501_/0050,F,140,160,20
Section,1146.0,0,0,0,0,1440U5501_/0050,F,140,160,20
Section,1147.0,0,0,0,0,1440U5501_/0050,F,140,160,20
Section,1148.0,0,0,0,0,1440U5501_/0050,F,140,160,20
Section,1149.0,0,0,0,0,1440U5501_/0050,F,140,160,20
Section,1150.0,0,0,0,0,1440U5501_/0050,F,140,160,20
Section,1151.0,0,5,5,5,1440U5501_/0050,F,140,160,20
Section,1152.0,0,0,0,0,1440U5501_/0050,F,140,160,20
Section,1153.0,0,0,0,0,1440U5501_/0050,F,140,160,20
Section,1154.0,0,0,0,0,1440U5501_/0050,F,140,160,20
Section,1155.0,5,5,5,5,1440U5501_/0050,F,140,160,20
Section,1156.0,0,0,0,0,1440U5501_/0050,F,140,160,20
Section,1157.0,0,5,0,0,1440U5501_/0050,F,140,160,20
Section,1158.0,0,5,0,0,1440U5501_/0050,F,140,160,20
Section,1159.0,0,5,0,0,1440U5501_/0050,F,140,160,20
Section,1160.0,0,5,0,0,1440U5501_/0050,F,140,160,20
Section,1161.0,0,5,0,0,1440U5501_/0050,F,140,160,20
Section,1162.0,0,5,0,0,1440U5501_/0050,F,140,160,20
Section,1162.0,0,5,0,0,1440U5501_/0050,F,160,180,20
Section,1163.0,5,5,5,5,1440U5501_/0050,F,160,180,20
Section,1164.0,0,5,0,0,1440U5501_/0050,F,160,180,20
Section,1165.0,0,5,0,0,1440U5501_/0050,F,160,180,20
Section,1166.0,0,5,0,0,1440U5501_/0050,F,160,180,20
Section,1167.0,0,5,0,0,1440U5501_/0050,F,160,180,20
Section,1168.0,0,5,0,0,1440U5501_/0050,F,160,180,20
Section,1169.0,0,5,0,0,1440U5501_/0050,F,160,180,20
Section,1170.0,0,5,0,0,1440U5501_/0050,F,160,180,20
Section,1171.0,0,5,0,0,1440U5501_/0050,F,160,180,20
Section,1172.0,0,0,0,0,1440U5501_/0050,F,160,180,20
Section,1173.0,0,0,0,0,1440U5501_/0050,F,160,180,20
Section,1174.0,0,0,0,0,1440U5501_/0050,F,160,180,20
Section,1175.0,0,0,0,0,1440U5501_/0050,F,160,180,20
Section,1176.0,0,0,0,0,1440U5501_/0050,F,160,180,20
Section,1177.0,0,0,0,0,1440U5501_/0050,F,160,180,20
Section,1178.0,0,0,0,0,1440U5501_/0050,F,160,180,20
Section,1179.0,0,0,0,0,1440U5501_/0050,F,160,180,20
Section,1180.0,0,0,0,0,1440U5501_/0050,F,160,180,20
Section,1181.0,0,0,0,0,1440U5501_/0050,F,160,180,20
Section,1182.0,5,5,5,5,1440U5501_/0050,F,160,180,20
Section,1182.0,5,5,5,5,1440U5501_/0050,F,180,200,20
Section,1183.0,5,5,5,5,1440U5501_/0050,F,180,200,20
Section,1184.0,0,0,0,0,1440U5501_/0050,F,180,200,20
Section,1185.0,0,0,0,0,1440U5501_/0050,F,180,200,20
Section,1186.0,0,0,0,0,1440U5501_/0050,F,180,200,20
Section,1187.0,0,0,0,0,1440U5501_/0050,F,180,200,20
Section,1188.0,0,0,0,0,1440U5501_/0050,F,180,200,20
Section,1189.0,0,0,0,0,1440U5501_/0050,F,180,200,20
Section,1190.0,0,0,0,0,1440U5501_/0050,F,180,200,20
Section,1191.0,5,5,5,5,1440U5501_/0050,F,180,200,20
Section,1192.0,5,5,5,5,1440U5501_/0050,F,180,200,20
Section,1193.0,0,0,0,0,1440U5501_/0050,F,180,200,20
Section,1194.0,0,0,0,0,1440U5501_/0050,F,180,200,20
Section,1195.0,0,0,0,0,1440U5501_/0050,F,180,200,20
Section,1196.0,0,0,0,0,1440U5501_/0050,F,180,200,20
Section,1197.0,0,0,0,0,1440U5501_/0050,F,180,200,20
Section,1198.0,0,0,0,0,1440U5501_/0050,F,180,200,20
Section,1199.0,3,0,0,0,1440U5501_/0050,F,180,200,20
Section,1200.0,3,0,0,0,1440U5501_/0050,F,180,200,20
Section,1201.0,3,3,3,3,1440U5501_/0050,F,180,200,20
Section,1202.0,1,0,0,0,1440U5501_/0050,F,180,200,20
Section,1202.0,1,0,0,0,1440U5501_/0050,F,200,207,7
Section,1203.0,1,0,4,4,1440U5501_/0050,F,200,207,7
Section,1204.0,1,0,4,4,1440U5501_/0050,F,200,207,7
Section,1205.0,1,0,0,0,1440U5501_/0050,F,200,207,7
Section,1206.0,1,0,0,0,1440U5501_/0050,F,200,207,7
Section,1207.0,0,0,0,0,1440U5501_/0050,F,200,207,7
Section,1208.0,0,0,0,0,1440U5501_/0050,F,200,207,7
Section,1209.0,0,0,0,0,1440U5501_/0050,F,200,207,7
Section,1209.0,0,0,0,0,1440U5501_/0080,F,0,20,20
Section,1210.0,0,0,0,0,1440U5501_/0080,F,0,20,20
Section,1211.0,0,0,0,0,1440U5501_/0080,F,0,20,20
Section,1212.0,0,0,0,0,1440U5501_/0080,F,0,20,20
Section,1213.0,0,0,0,0,1440U5501_/0080,F,0,20,20
Section,1214.0,0,0,0,0,1440U5501_/0080,F,0,20,20
Section,1215.0,0,0,0,0,1440U5501_/0080,F,0,20,20
Section,1216.0,0,0,0,0,1440U5501_/0080,F,0,20,20
Section,1217.0,0,0,0,0,1440U5501_/0080,F,0,20,20
Section,1218.0,0,0,0,0,1440U5501_/0080,F,0,20,20
Section,1219.0,0,0,0,0,1440U5501_/0080,F,0,20,20
Section,1220.0,0,0,0,0,1440U5501_/0080,F,0,20,20
Section,1221.0,0,0,0,0,1440U5501_/0080,F,0,20,20
Section,1222.0,0,0,0,0,1440U5501_/0080,F,0,20,20
Section,1223.0,0,0,0,0,1440U5501_/0080,F,0,20,20
Section,1224.0,0,0,0,0,1440U5501_/0080,F,0,20,20
Section,1225.0,0,0,0,0,1440U5501_/0080,F,0,20,20
Section,1226.0,0,0,0,0,1440U5501_/0080,F,0,20,20
Section,1227.0,0,0,0,0,1440U5501_/0080,F,0,20,20
Section,1228.0,0,0,0,0,1440U5501_/0080,F,0,20,20
Section,1229.0,0,0,0,0,1440U5501_/0080,F,0,20,20
Section,1229.0,0,0,0,0,1440U5501_/0080,F,20,40,20
Section,1230.0,0,0,0,0,1440U5501_/0080,F,20,40,20
Section,1231.0,0,0,0,0,1440U5501_/0080,F,20,40,20
Section,1232.0,0,0,0,0,1440U5501_/0080,F,20,40,20
Section,1233.0,0,0,0,0,1440U5501_/0080,F,20,40,20
Section,1234.0,0,0,0,0,1440U5501_/0080,F,20,40,20
Section,1235.0,0,0,0,0,1440U5501_/0080,F,20,40,20
Section,1236.0,0,0,0,0,1440U5501_/0080,F,20,40,20
Section,1237.0,0,0,0,0,1440U5501_/0080,F,20,40,20
Section,1238.0,0,0,0,0,1440U5501_/0080,F,20,40,20
Section,1239.0,0,0,0,0,1440U5501_/0080,F,20,40,20
Section,1240.0,0,0,0,0,1440U5501_/0080,F,20,40,20
Section,1241.0,0,0,0,0,1440U5501_/0080,F,20,40,20
Section,1242.0,0,0,0,0,1440U5501_/0080,F,20,40,20
Section,1243.0,0,0,0,0,1440U5501_/0080,F,20,40,20
Section,1244.0,0,0,0,0,1440U5501_/0080,F,20,40,20
Section,1245.0,0,0,0,0,1440U5501_/0080,F,20,40,20
Section,1246.0,0,0,0,0,1440U5501_/0080,F,20,40,20
Section,1247.0,0,0,0,0,1440U5501_/0080,F,20,40,20
Section,1248.0,0,0,0,0,1440U5501_/0080,F,20,40,20
Section,1249.0,0,0,0,0,1440U5501_/0080,F,20,40,20
Section,1249.0,0,0,0,0,1440U5501_/0080,F,40,60,20
Section,1250.0,0,0,0,0,1440U5501_/0080,F,40,60,20
Section,1251.0,0,0,0,0,1440U5501_/0080,F,40,60,20
Section,1252.0,0,0,0,0,1440U5501_/0080,F,40,60,20
Section,1253.0,0,0,0,0,1440U5501_/0080,F,40,60,20
Section,1254.0,0,0,0,0,1440U5501_/0080,F,40,60,20
Section,1255.0,0,0,0,0,1440U5501_/0080,F,40,60,20
Section,1256.0,0,0,0,0,1440U5501_/0080,F,40,60,20
Section,1257.0,0,0,0,0,1440U5501_/0080,F,40,60,20
Section,1258.0,0,0,0,0,1440U5501_/0080,F,40,60,20
Section,1259.0,0,0,0,0,1440U5501_/0080,F,40,60,20
Section,1260.0,0,0,0,0,1440U5501_/0080,F,40,60,20
Section,1261.0,0,0,0,0,1440U5501_/0080,F,40,60,20
Section,1262.0,0,0,0,0,1440U5501_/0080,F,40,60,20
Section,1263.0,0,0,0,0,1440U5501_/0080,F,40,60,20
Section,1264.0,0,0,0,0,1440U5501_/0080,F,40,60,20
Section,1265.0,0,0,0,0,1440U5501_/0080,F,40,60,20
Section,1266.0,0,0,0,0,1440U5501_/0080,F,40,60,20
Section,1267.0,0,0,0,0,1440U5501_/0080,F,40,60,20
Section,1268.0,0,0,0,0,1440U5501_/0080,F,40,60,20
Section,1269.0,0,0,0,0,1440U5501_/0080,F,40,60,20
Section,1269.0,0,0,0,0,1440U5501_/0080,F,60,80,20
Section,1270.0,4,4,4,4,1440U5501_/0080,F,60,80,20
Section,1271.0,0,0,0,0,1440U5501_/0080,F,60,80,20
Section,1272.0,0,0,0,0,1440U5501_/0080,F,60,80,20
Section,1273.0,0,0,0,0,1440U5501_/0080,F,60,80,20
Section,1274.0,0,0,0,0,1440U5501_/0080,F,60,80,20
Section,1275.0,0,0,0,0,1440U5501_/0080,F,60,80,20
Section,1276.0,0,0,0,0,1440U5501_/0080,F,60,80,20
Section,1277.0,0,0,0,0,1440U5501_/0080,F,60,80,20
Section,1278.0,0,0,0,0,1440U5501_/0080,F,60,80,20
Section,1279.0,0,0,0,0,1440U5501_/0080,F,60,80,20
Section,1280.0,0,0,0,0,1440U5501_/0080,F,60,80,20
Section,1281.0,0,0,0,0,1440U5501_/0080,F,60,80,20
Section,1282.0,0,0,0,0,1440U5501_/0080,F,60,80,20
Section,1283.0,4,4,4,4,1440U5501_/0080,F,60,80,20
Section,1284.0,0,0,0,0,1440U5501_/0080,F,60,80,20
Section,1285.0,0,0,0,0,1440U5501_/0080,F,60,80,20
Section,1286.0,0,0,0,0,1440U5501_/0080,F,60,80,20
Section,1287.0,0,0,0,0,1440U5501_/0080,F,60,80,20
Section,1288.0,0,0,0,0,1440U5501_/0080,F,60,80,20
Section,1289.0,0,0,0,0,1440U5501_/0080,F,60,80,20
Section,1289.0,0,0,0,0,1440U5501_/0080,F,80,99,19
Section,1290.0,0,0,0,0,1440U5501_/0080,F,80,99,19
Section,1291.0,0,0,0,0,1440U5501_/0080,F,80,99,19
Section,1292.0,0,0,0,0,1440U5501_/0080,F,80,99,19
Section,1293.0,0,0,0,0,1440U5501_/0080,F,80,99,19
Section,1294.0,0,0,0,0,1440U5501_/0080,F,80,99,19
Section,1295.0,0,0,0,0,1440U5501_/0080,F,80,99,19
Section,1296.0,0,0,0,0,1440U5501_/0080,F,80,99,19
Section,1297.0,0,0,0,0,1440U5501_/0080,F,80,99,19
Section,1298.0,0,0,0,0,1440U5501_/0080,F,80,99,19
Section,1299.0,0,0,0,0,1440U5501_/0080,F,80,99,19
Section,1300.0,0,0,0,0,1440U5501_/0080,F,80,99,19
Section,1301.0,0,0,0,0,1440U5501_/0080,F,80,99,19
Section,1302.0,0,0,0,0,1440U5501_/0080,F,80,99,19
Section,1303.0,0,0,0,0,1440U5501_/0080,F,80,99,19
Section,1304.0,0,0,0,0,1440U5501_/0080,F,80,99,19
Section,1305.0,0,0,0,0,1440U5501_/0080,F,80,99,19
Section,1306.0,0,0,0,0,1440U5501_/0080,F,80,99,19
Section,1307.0,0,0,0,0,1440U5501_/0080,F,80,99,19
Section,1308.0,0,0,0,0,1440U5501_/0080,F,80,99,19
Section,1378.0,0,0,0,0,1440U5501_/0050,F,207,220,13
Section,1379.0,0,8,8,0,1440U5501_/0050,F,207,220,13
Section,1380.0,0,8,8,0,1440U5501_/0050,F,207,220,13
Section,1381.0,0,8,8,0,1440U5501_/0050,F,207,220,13
Section,1382.0,0,8,8,0,1440U5501_/0050,F,207,220,13
Section,1383.0,0,0,0,0,1440U5501_/0050,F,207,220,13
Section,1384.0,0,0,0,0,1440U5501_/0050,F,207,220,13
Section,1385.0,0,0,0,0,1440U5501_/0050,F,207,220,13
Section,1386.0,0,0,0,0,1440U5501_/0050,F,207,220,13
Section,1387.0,0,0,0,0,1440U5501_/0050,F,207,220,13
Section,1388.0,0,0,0,0,1440U5501_/0050,F,207,220,13
Section,1389.0,0,0,0,0,1440U5501_/0050,F,207,220,13
Section,1390.0,0,0,0,0,1440U5501_/0050,F,207,220,13
Section,1391.0,0,0,0,0,1440U5501_/0050,F,207,220,13
Section,1391.0,0,0,0,0,1440U5501_/0050,F,220,240,20
Section,1392.0,0,0,0,0,1440U5501_/0050,F,220,240,20
Section,1393.0,0,0,0,0,1440U5501_/0050,F,220,240,20
Section,1394.0,0,0,0,0,1440U5501_/0050,F,220,240,20
Section,1395.0,0,0,0,0,1440U5501_/0050,F,220,240,20
Section,1396.0,0,0,0,0,1440U5501_/0050,F,220,240,20
Section,1397.0,5,5,5,5,1440U5501_/0050,F,220,240,20
Section,1398.0,0,0,0,0,1440U5501_/0050,F,220,240,20
Section,1399.0,0,0,0,0,1440U5501_/0050,F,220,240,20
Section,1400.0,0,0,0,0,1440U5501_/0050,F,220,240,20
Section,1401.0,0,0,0,0,1440U5501_/0050,F,220,240,20
Section,1402.0,0,0,0,0,1440U5501_/0050,F,220,240,20
Section,1403.0,0,0,0,0,1440U5501_/0050,F,220,240,20
Section,1404.0,0,0,0,0,1440U5501_/0050,F,220,240,20
Section,1405.0,0,0,0,0,1440U5501_/0050,F,220,240,20
Section,1406.0,0,0,0,0,1440U5501_/0050,F,220,240,20
Section,1407.0,0,0,0,0,1440U5501_/0050,F,220,240,20
Section,1408.0,0,0,0,0,1440U5501_/0050,F,220,240,20
Section,1409.0,0,0,7,7,1440U5501_/0050,F,220,240,20
Section,1410.0,0,0,7,7,1440U5501_/0050,F,220,240,20
Section,1411.0,0,0,7,7,1440U5501_/0050,F,220,240,20
Section,1411.0,0,0,7,7,1440U5501_/0050,F,240,253,13
Section,1412.0,0,0,7,7,1440U5501_/0050,F,240,253,13
Section,1413.0,0,0,7,7,1440U5501_/0050,F,240,253,13
Section,1414.0,0,0,7,7,1440U5501_/0050,F,240,253,13
Section,1415.0,0,0,7,7,1440U5501_/0050,F,240,253,13
Section,1416.0,0,0,7,7,1440U5501_/0050,F,240,253,13
Section,1417.0,3,3,3,7,1440U5501_/0050,F,240,253,13
Section,1418.0,0,0,0,0,1440U5501_/0050,F,240,253,13
Section,1419.0,0,8,8,0,1440U5501_/0050,F,240,253,13
Section,1420.0,0,8,8,0,1440U5501_/0050,F,240,253,13
Section,1421.0,0,8,8,0,1440U5501_/0050,F,240,253,13
Section,1422.0,0,8,8,0,1440U5501_/0050,F,240,253,13
Section,1423.0,0,8,8,0,1440U5501_/0050,F,240,253,13
Section,1424.0,0,0,0,0,1440U5501_/0050,F,240,253,13
Section,1424.0,0,0,0,0,1440U5501_/0090,R,0,20,20
Section,1425.0,0,0,0,0,1440U5501_/0090,R,0,20,20
Section,1426.0,0,0,0,0,1440U5501_/0090,R,0,20,20
Section,1427.0,0,0,0,0,1440U5501_/0090,R,0,20,20
Section,1428.0,0,0,0,0,1440U5501_/0090,R,0,20,20
Section,1429.0,0,0,0,0,1440U5501_/0090,R,0,20,20
Section,1430.0,0,0,0,0,1440U5501_/0090,R,0,20,20
Section,1431.0,0,0,0,0,1440U5501_/0090,R,0,20,20
Section,1432.0,0,0,0,0,1440U5501_/0090,R,0,20,20
Section,1433.0,0,0,0,0,1440U5501_/0090,R,0,20,20
Section,1434.0,0,0,0,0,1440U5501_/0090,R,0,20,20
Section,1435.0,0,0,0,0,1440U5501_/0090,R,0,20,20
Section,1436.0,0,0,0,0,1440U5501_/0090,R,0,20,20
Section,1437.0,0,0,0,0,1440U5501_/0090,R,0,20,20
Section,1438.0,0,0,0,0,1440U5501_/0090,R,0,20,20
Section,1439.0,5,5,5,5,1440U5501_/0090,R,0,20,20
Section,1440.0,5,5,5,5,1440U5501_/0090,R,0,20,20
Section,1441.0,0,0,0,0,1440U5501_/0090,R,0,20,20
Section,1442.0,0,0,0,0,1440U5501_/0090,R,0,20,20
Section,1443.0,0,0,0,0,1440U5501_/0090,R,0,20,20
Section,1444.0,0,0,0,0,1440U5501_/0090,R,0,20,20
Section,1444.0,0,0,0,0,1440U5501_/0090,R,20,40,20
Section,1445.0,0,0,0,0,1440U5501_/0090,R,20,40,20
Section,1446.0,0,0,0,0,1440U5501_/0090,R,20,40,20
Section,1447.0,0,0,0,0,1440U5501_/0090,R,20,40,20
Section,1448.0,0,0,0,0,1440U5501_/0090,R,20,40,20
Section,1449.0,0,0,0,0,1440U5501_/0090,R,20,40,20
Section,1450.0,1,0,0,0,1440U5501_/0090,R,20,40,20
Section,1451.0,1,0,0,0,1440U5501_/0090,R,20,40,20
Section,1452.0,1,0,0,0,1440U5501_/0090,R,20,40,20
Section,1453.0,1,0,0,0,1440U5501_/0090,R,20,40,20
Section,1454.0,1,0,0,0,1440U5501_/0090,R,20,40,20
Section,1455.0,1,0,0,0,1440U5501_/0090,R,20,40,20
Section,1456.0,1,0,0,0,1440U5501_/0090,R,20,40,20
Section,1457.0,1,0,0,0,1440U5501_/0090,R,20,40,20
Section,1458.0,0,0,0,0,1440U5501_/0090,R,20,40,20
Section,1459.0,0,0,0,0,1440U5501_/0090,R,20,40,20
Section,1460.0,0,0,0,0,1440U5501_/0090,R,20,40,20
Section,1461.0,0,0,0,0,1440U5501_/0090,R,20,40,20
Section,1462.0,0,0,0,0,1440U5501_/0090,R,20,40,20
Section,1463.0,0,0,0,0,1440U5501_/0090,R,20,40,20
Section,1464.0,0,0,0,0,1440U5501_/0090,R,20,40,20
Section,1464.0,0,0,0,0,1440U5501_/0090,R,40,60,20
Section,1465.0,0,0,0,0,1440U5501_/0090,R,40,60,20
Section,1466.0,0,0,0,0,1440U5501_/0090,R,40,60,20
Section,1467.0,0,0,0,0,1440U5501_/0090,R,40,60,20
Section,1468.0,0,0,0,0,1440U5501_/0090,R,40,60,20
Section,1469.0,0,0,0,0,1440U5501_/0090,R,40,60,20
Section,1470.0,0,0,0,0,1440U5501_/0090,R,40,60,20
Section,1471.0,0,0,0,0,1440U5501_/0090,R,40,60,20
Section,1472.0,0,0,0,0,1440U5501_/0090,R,40,60,20
Section,1473.0,0,0,0,0,1440U5501_/0090,R,40,60,20
Section,1474.0,0,0,0,0,1440U5501_/0090,R,40,60,20
Section,1475.0,0,0,0,0,1440U5501_/0090,R,40,60,20
Section,1476.0,0,0,0,0,1440U5501_/0090,R,40,60,20
Section,1477.0,0,0,0,0,1440U5501_/0090,R,40,60,20
Section,1478.0,0,0,0,0,1440U5501_/0090,R,40,60,20
Section,1479.0,0,0,0,0,1440U5501_/0090,R,40,60,20
Section,1480.0,0,0,0,0,1440U5501_/0090,R,40,60,20
Section,1481.0,0,0,0,0,1440U5501_/0090,R,40,60,20
Section,1482.0,0,0,0,0,1440U5501_/0090,R,40,60,20
Section,1483.0,0,0,0,0,1440U5501_/0090,R,40,60,20
Section,1484.0,0,0,0,0,1440U5501_/0090,R,40,60,20
Section,1484.0,0,0,0,0,1440U5501_/0090,R,60,78,18
Section,1485.0,0,0,0,0,1440U5501_/0090,R,60,78,18
Section,1486.0,0,0,0,0,1440U5501_/0090,R,60,78,18
Section,1487.0,0,0,0,0,1440U5501_/0090,R,60,78,18
Section,1488.0,0,0,0,0,1440U5501_/0090,R,60,78,18
Section,1489.0,0,0,0,0,1440U5501_/0090,R,60,78,18
Section,1490.0,0,0,0,0,1440U5501_/0090,R,60,78,18
Section,1491.0,0,0,0,0,1440U5501_/0090,R,60,78,18
Section,1492.0,0,0,0,0,1440U5501_/0090,R,60,78,18
Section,1493.0,0,0,0,0,1440U5501_/0090,R,60,78,18
Section,1494.0,0,0,0,0,1440U5501_/0090,R,60,78,18
Section,1495.0,0,0,0,0,1440U5501_/0090,R,60,78,18
Section,1496.0,0,0,0,0,1440U5501_/0090,R,60,78,18
Section,1497.0,0,0,0,0,1440U5501_/0090,R,60,78,18
Section,1498.0,0,0,0,0,1440U5501_/0090,R,60,78,18
Section,1499.0,0,0,0,0,1440U5501_/0090,R,60,78,18
Section,1500.0,0,0,0,0,1440U5501_/0090,R,60,78,18
Section,1501.0,0,0,0,0,1440U5501_/0090,R,60,78,18
Section,1502.0,0,0,0,0,1440U5501_/0090,R,60,78,18
Section,1556.0,0,0,0,0,1440U5501_/0050,F,253,260,7
Section,1557.0,0,0,0,0,1440U5501_/0050,F,253,260,7
Section,1558.0,0,8,8,8,1440U5501_/0050,F,253,260,7
Section,1559.0,0,8,8,8,1440U5501_/0050,F,253,260,7
Section,1560.0,0,8,8,8,1440U5501_/0050,F,253,260,7
Section,1561.0,0,8,8,8,1440U5501_/0050,F,253,260,7
Section,1562.0,0,8,8,8,1440U5501_/0050,F,253,260,7
Section,1563.0,0,0,0,0,1440U5501_/0050,F,253,260,7
Section,1563.0,0,0,0,0,1440U5501_/0050,F,260,280,20
Section,1564.0,0,0,0,0,1440U5501_/0050,F,260,280,20
Section,1565.0,0,0,0,0,1440U5501_/0050,F,260,280,20
Section,1566.0,0,0,0,0,1440U5501_/0050,F,260,280,20
Section,1567.0,0,0,0,0,1440U5501_/0050,F,260,280,20
Section,1568.0,0,0,0,0,1440U5501_/0050,F,260,280,20
Section,1569.0,0,0,0,0,1440U5501_/0050,F,260,280,20
Section,1570.0,0,0,0,0,1440U5501_/0050,F,260,280,20
Section,1571.0,0,0,0,0,1440U5501_/0050,F,260,280,20
Section,1572.0,0,0,0,0,1440U5501_/0050,F,260,280,20
Section,1573.0,0,0,0,0,1440U5501_/0050,F,260,280,20
Section,1574.0,0,0,0,0,1440U5501_/0050,F,260,280,20
Section,1575.0,0,0,0,0,1440U5501_/0050,F,260,280,20
Section,1576.0,0,0,0,0,1440U5501_/0050,F,260,280,20
Section,1577.0,0,0,0,0,1440U5501_/0050,F,260,280,20
Section,1578.0,0,0,0,0,1440U5501_/0050,F,260,280,20
Section,1579.0,0,0,0,0,1440U5501_/0050,F,260,280,20
Section,1580.0,0,0,0,0,1440U5501_/0050,F,260,280,20
Section,1581.0,3,3,3,0,1440U5501_/0050,F,260,280,20
Section,1582.0,3,3,3,0,1440U5501_/0050,F,260,280,20
Section,1583.0,3,3,3,0,1440U5501_/0050,F,260,280,20
Section,1583.0,3,3,3,0,1440U5501_/0050,F,280,300,20
Section,1584.0,3,3,3,0,1440U5501_/0050,F,280,300,20
Section,1585.0,3,3,3,0,1440U5501_/0050,F,280,300,20
Section,1586.0,0,0,0,0,1440U5501_/0050,F,280,300,20
Section,1587.0,0,0,0,0,1440U5501_/0050,F,280,300,20
Section,1588.0,0,0,0,0,1440U5501_/0050,F,280,300,20
Section,1589.0,0,0,0,0,1440U5501_/0050,F,280,300,20
Section,1590.0,0,0,0,0,1440U5501_/0050,F,280,300,20
Section,1591.0,0,0,0,0,1440U5501_/0050,F,280,300,20
Section,1592.0,0,0,0,0,1440U5501_/0050,F,280,300,20
Section,1593.0,0,0,0,0,1440U5501_/0050,F,280,300,20
Section,1594.0,0,0,0,0,1440U5501_/0050,F,280,300,20
Section,1595.0,0,0,0,0,1440U5501_/0050,F,280,300,20
Section,1596.0,0,0,0,0,1440U5501_/0050,F,280,300,20
Section,1597.0,0,0,0,0,1440U5501_/0050,F,280,300,20
Section,1598.0,0,0,0,0,1440U5501_/0050,F,280,300,20
Section,1599.0,0,0,0,0,1440U5501_/0050,F,280,300,20
Section,1600.0,0,0,0,0,1440U5501_/0050,F,280,300,20
Section,1601.0,0,0,0,0,1440U5501_/0050,F,280,300,20
Section,1602.0,0,0,0,0,1440U5501_/0050,F,280,300,20
Section,1603.0,0,0,0,0,1440U5501_/0050,F,280,300,20
Section,1603.0,0,0,0,0,1440U5501_/0050,F,300,320,20
Section,1604.0,0,0,0,0,1440U5501_/0050,F,300,320,20
Section,1605.0,0,0,0,0,1440U5501_/0050,F,300,320,20
Section,1606.0,0,0,0,0,1440U5501_/0050,F,300,320,20
Section,1607.0,0,0,0,0,1440U5501_/0050,F,300,320,20
Section,1608.0,0,0,0,0,1440U5501_/0050,F,300,320,20
Section,1609.0,0,0,0,0,1440U5501_/0050,F,300,320,20
Section,1610.0,0,0,0,0,1440U5501_/0050,F,300,320,20
Section,1611.0,0,0,0,0,1440U5501_/0050,F,300,320,20
Section,1612.0,0,0,3,0,1440U5501_/0050,F,300,320,20
Section,1613.0,0,0,3,0,1440U5501_/0050,F,300,320,20
Section,1614.0,0,0,3,0,1440U5501_/0050,F,300,320,20
Section,1615.0,0,0,3,0,1440U5501_/0050,F,300,320,20
Section,1616.0,0,0,3,0,1440U5501_/0050,F,300,320,20
Section,1617.0,0,0,3,0,1440U5501_/0050,F,300,320,20
Section,1618.0,0,0,3,0,1440U5501_/0050,F,300,320,20
Section,1619.0,0,0,3,0,1440U5501_/0050,F,300,320,20
Section,1620.0,0,0,3,0,1440U5501_/0050,F,300,320,20
Section,1621.0,0,0,3,0,1440U5501_/0050,F,300,320,20
Section,1622.0,0,0,0,0,1440U5501_/0050,F,300,320,20
Section,1623.0,0,0,0,0,1440U5501_/0050,F,300,320,20
Section,1623.0,0,0,0,0,1440U5501_/0050,F,320,326,6
Section,1624.0,0,0,0,0,1440U5501_/0050,F,320,326,6
Section,1625.0,0,0,0,0,1440U5501_/0050,F,320,326,6
Section,1626.0,0,0,0,0,1440U5501_/0050,F,320,326,6
Section,1627.0,0,0,0,0,1440U5501_/0050,F,320,326,6
Section,1628.0,0,0,0,0,1440U5501_/0050,F,320,326,6
Section,1629.0,0,0,0,0,1440U5501_/0050,F,320,326,6
Section,1629.0,0,0,0,0,1440U5501_/0100,R,0,20,20
Section,1630.0,5,5,5,5,1440U5501_/0100,R,0,20,20
Section,1631.0,0,0,0,0,1440U5501_/0100,R,0,20,20
Section,1632.0,0,0,0,0,1440U5501_/0100,R,0,20,20
Section,1633.0,0,0,0,0,1440U5501_/0100,R,0,20,20
Section,1634.0,0,0,0,0,1440U5501_/0100,R,0,20,20
Section,1635.0,0,0,0,0,1440U5501_/0100,R,0,20,20
Section,1636.0,0,0,0,0,1440U5501_/0100,R,0,20,20
Section,1637.0,0,0,0,0,1440U5501_/0100,R,0,20,20
Section,1638.0,0,0,0,0,1440U5501_/0100,R,0,20,20
Section,1639.0,0,0,0,0,1440U5501_/0100,R,0,20,20
Section,1640.0,0,0,0,0,1440U5501_/0100,R,0,20,20
Section,1641.0,0,0,0,0,1440U5501_/0100,R,0,20,20
Section,1642.0,5,5,5,5,1440U5501_/0100,R,0,20,20
Section,1643.0,5,5,5,5,1440U5501_/0100,R,0,20,20
Section,1644.0,0,0,0,0,1440U5501_/0100,R,0,20,20
Section,1645.0,0,0,0,0,1440U5501_/0100,R,0,20,20
Section,1646.0,0,0,0,0,1440U5501_/0100,R,0,20,20
Section,1647.0,0,0,0,0,1440U5501_/0100,R,0,20,20
Section,1648.0,0,0,0,0,1440U5501_/0100,R,0,20,20
Section,1649.0,0,0,0,0,1440U5501_/0100,R,0,20,20
Section,1649.0,0,0,0,0,1440U5501_/0100,R,20,40,20
Section,1650.0,5,5,5,5,1440U5501_/0100,R,20,40,20
Section,1651.0,0,0,0,0,1440U5501_/0100,R,20,40,20
Section,1652.0,0,0,0,0,1440U5501_/0100,R,20,40,20
Section,1653.0,0,0,0,0,1440U5501_/0100,R,20,40,20
Section,1654.0,0,0,0,0,1440U5501_/0100,R,20,40,20
Section,1655.0,0,0,0,0,1440U5501_/0100,R,20,40,20
Section,1656.0,0,0,0,0,1440U5501_/0100,R,20,40,20
Section,1657.0,0,0,0,0,1440U5501_/0100,R,20,40,20
Section,1658.0,0,0,0,0,1440U5501_/0100,R,20,40,20
Section,1659.0,0,0,0,0,1440U5501_/0100,R,20,40,20
Section,1660.0,0,0,0,0,1440U5501_/0100,R,20,40,20
Section,1661.0,0,0,0,0,1440U5501_/0100,R,20,40,20
Section,1662.0,5,5,5,5,1440U5501_/0100,R,20,40,20
Section,1663.0,0,0,0,0,1440U5501_/0100,R,20,40,20
Section,1664.0,0,0,0,0,1440U5501_/0100,R,20,40,20
Section,1665.0,0,5,5,5,1440U5501_/0100,R,20,40,20
Section,1666.0,0,0,0,0,1440U5501_/0100,R,20,40,20
Section,1667.0,0,0,0,0,1440U5501_/0100,R,20,40,20
Section,1668.0,0,0,0,0,1440U5501_/0100,R,20,40,20
Section,1669.0,0,0,0,0,1440U5501_/0100,R,20,40,20
Section,1669.0,0,0,0,0,1440U5501_/0100,R,40,60,20
Section,1670.0,0,0,0,0,1440U5501_/0100,R,40,60,20
Section,1671.0,0,0,0,0,1440U5501_/0100,R,40,60,20
Section,1672.0,0,0,0,0,1440U5501_/0100,R,40,60,20
Section,1673.0,0,0,0,0,1440U5501_/0100,R,40,60,20
Section,1674.0,0,0,0,0,1440U5501_/0100,R,40,60,20
Section,1675.0,0,0,0,0,1440U5501_/0100,R,40,60,20
Section,1676.0,0,0,0,0,1440U5501_/0100,R,40,60,20
Section,1677.0,0,0,0,0,1440U5501_/0100,R,40,60,20
Section,1678.0,0,0,0,0,1440U5501_/0100,R,40,60,20
Section,1679.0,0,0,0,0,1440U5501_/0100,R,40,60,20
Section,1680.0,0,0,0,0,1440U5501_/0100,R,40,60,20
Section,1681.0,0,0,0,0,1440U5501_/0100,R,40,60,20
Section,1682.0,5,5,5,5,1440U5501_/0100,R,40,60,20
Section,1683.0,0,3,0,0,1440U5501_/0100,R,40,60,20
Section,1684.0,0,3,0,0,1440U5501_/0100,R,40,60,20
Section,1685.0,0,3,0,0,1440U5501_/0100,R,40,60,20
Section,1686.0,0,3,0,0,1440U5501_/0100,R,40,60,20
Section,1687.0,0,3,0,0,1440U5501_/0100,R,40,60,20
Section,1688.0,0,3,0,0,1440U5501_/0100,R,40,60,20
Section,1689.0,0,3,0,0,1440U5501_/0100,R,40,60,20
Section,1689.0,0,3,0,0,1440U5501_/0100,R,60,80,20
Section,1690.0,0,3,0,0,1440U5501_/0100,R,60,80,20
Section,1691.0,0,3,0,0,1440U5501_/0100,R,60,80,20
Section,1692.0,0,3,0,0,1440U5501_/0100,R,60,80,20
Section,1693.0,0,3,0,0,1440U5501_/0100,R,60,80,20
Section,1694.0,0,3,0,0,1440U5501_/0100,R,60,80,20
Section,1695.0,0,3,0,0,1440U5501_/0100,R,60,80,20
Section,1696.0,0,3,0,0,1440U5501_/0100,R,60,80,20
Section,1697.0,0,0,0,0,1440U5501_/0100,R,60,80,20
Section,1698.0,0,0,0,0,1440U5501_/0100,R,60,80,20
Section,1699.0,0,0,0,0,1440U5501_/0100,R,60,80,20
Section,1700.0,0,0,0,0,1440U5501_/0100,R,60,80,20
Section,1701.0,0,0,0,0,1440U5501_/0100,R,60,80,20
Section,1702.0,0,0,0,0,1440U5501_/0100,R,60,80,20
Section,1703.0,0,0,0,0,1440U5501_/0100,R,60,80,20
Section,1704.0,0,0,0,0,1440U5501_/0100,R,60,80,20
Section,1705.0,0,0,0,0,1440U5501_/0100,R,60,80,20
Section,1706.0,0,0,0,0,1440U5501_/0100,R,60,80,20
Section,1707.0,0,0,0,0,1440U5501_/0100,R,60,80,20
Section,1708.0,0,0,0,0,1440U5501_/0100,R,60,80,20
Section,1709.0,0,0,0,0,1440U5501_/0100,R,60,80,20
Section,1709.0,0,0,0,0,1440U5501_/0100,R,80,84,4
Section,1710.0,0,0,0,0,1440U5501_/0100,R,80,84,4
Section,1711.0,0,0,0,0,1440U5501_/0100,R,80,84,4
Section,1712.0,0,0,0,0,1440U5501_/0100,R,80,84,4
Section,1713.0,0,0,0,0,1440U5501_/0100,R,80,84,4
Section,1778.0,0,0,0,0,1440U5501_/0050,F,326,340,14
Section,1779.0,0,0,0,0,1440U5501_/0050,F,326,340,14
Section,1780.0,0,0,0,0,1440U5501_/0050,F,326,340,14
Section,1781.0,0,0,0,0,1440U5501_/0050,F,326,340,14
Section,1782.0,0,0,0,0,1440U5501_/0050,F,326,340,14
Section,1783.0,0,0,0,0,1440U5501_/0050,F,326,340,14
Section,1784.0,0,0,0,0,1440U5501_/0050,F,326,340,14
Section,1785.0,0,0,0,0,1440U5501_/0050,F,326,340,14
Section,1786.0,0,0,0,0,1440U5501_/0050,F,326,340,14
Section,1787.0,0,0,0,0,1440U5501_/0050,F,326,340,14
Section,1788.0,0,0,0,0,1440U5501_/0050,F,326,340,14
Section,1789.0,0,0,0,0,1440U5501_/0050,F,326,340,14
Section,1790.0,0,0,0,0,1440U5501_/0050,F,326,340,14
Section,1791.0,0,0,0,0,1440U5501_/0050,F,326,340,14
Section,1791.0,0,0,0,0,1440U5501_/0050,F,340,360,20
Section,1792.0,0,0,0,0,1440U5501_/0050,F,340,360,20
Section,1793.0,0,0,0,0,1440U5501_/0050,F,340,360,20
Section,1794.0,5,5,5,5,1440U5501_/0050,F,340,360,20
Section,1795.0,0,0,0,0,1440U5501_/0050,F,340,360,20
Section,1796.0,0,0,0,0,1440U5501_/0050,F,340,360,20
Section,1797.0,0,0,0,0,1440U5501_/0050,F,340,360,20
Section,1798.0,0,0,0,0,1440U5501_/0050,F,340,360,20
Section,1799.0,0,0,0,0,1440U5501_/0050,F,340,360,20
Section,1800.0,0,0,0,0,1440U5501_/0050,F,340,360,20
Section,1801.0,0,0,0,0,1440U5501_/0050,F,340,360,20
Section,1802.0,0,0,0,0,1440U5501_/0050,F,340,360,20
Section,1803.0,0,0,0,0,1440U5501_/0050,F,340,360,20
Section,1804.0,0,0,0,0,1440U5501_/0050,F,340,360,20
Section,1805.0,0,0,0,0,1440U5501_/0050,F,340,360,20
Section,1806.0,0,0,0,0,1440U5501_/0050,F,340,360,20
Section,1807.0,0,0,0,0,1440U5501_/0050,F,340,360,20
Section,1808.0,0,0,0,0,1440U5501_/0050,F,340,360,20
Section,1809.0,0,0,0,0,1440U5501_/0050,F,340,360,20
Section,1810.0,0,0,0,0,1440U5501_/0050,F,340,360,20
Section,1811.0,0,0,0,0,1440U5501_/0050,F,340,360,20
Section,1811.0,0,0,0,0,1440U5501_/0050,F,360,380,20
Section,1812.0,5,5,5,5,1440U5501_/0050,F,360,380,20
Section,1813.0,0,0,0,0,1440U5501_/0050,F,360,380,20
Section,1814.0,0,0,8,0,1440U5501_/0050,F,360,380,20
Section,1815.0,0,0,8,0,1440U5501_/0050,F,360,380,20
Section,1816.0,0,0,8,0,1440U5501_/0050,F,360,380,20
Section,1817.0,0,0,8,0,1440U5501_/0050,F,360,380,20
Section,1818.0,0,0,8,0,1440U5501_/0050,F,360,380,20
Section,1819.0,0,0,8,0,1440U5501_/0050,F,360,380,20
Section,1820.0,0,0,8,2,1440U5501_/0050,F,360,380,20
Section,1821.0,0,0,0,2,1440U5501_/0050,F,360,380,20
Section,1822.0,0,0,0,2,1440U5501_/0050,F,360,380,20
Section,1823.0,0,0,0,2,1440U5501_/0050,F,360,380,20
Section,1824.0,0,0,0,2,1440U5501_/0050,F,360,380,20
Section,1825.0,0,0,0,2,1440U5501_/0050,F,360,380,20
Section,1826.0,0,0,0,2,1440U5501_/0050,F,360,380,20
Section,1827.0,0,0,0,2,1440U5501_/0050,F,360,380,20
Section,1828.0,0,0,0,2,1440U5501_/0050,F,360,380,20
Section,1829.0,0,0,0,2,1440U5501_/0050,F,360,380,20
Section,1830.0,0,0,0,2,1440U5501_/0050,F,360,380,20
Section,1831.0,0,0,0,2,1440U5501_/0050,F,360,380,20
Section,1831.0,0,0,0,2,1440U5501_/0050,F,380,400,20
Section,1832.0,0,0,0,2,1440U5501_/0050,F,380,400,20
Section,1833.0,0,0,0,0,1440U5501_/0050,F,380,400,20
Section,1834.0,0,0,0,0,1440U5501_/0050,F,380,400,20
Section,1835.0,0,0,0,0,1440U5501_/0050,F,380,400,20
Section,1836.0,0,0,0,0,1440U5501_/0050,F,380,400,20
Section,1837.0,0,0,0,0,1440U5501_/0050,F,380,400,20
Section,1838.0,0,0,0,0,1440U5501_/0050,F,380,400,20
Section,1839.0,0,0,0,0,1440U5501_/0050,F,380,400,20
Section,1840.0,0,0,0,0,1440U5501_/0050,F,380,400,20
Section,1841.0,0,0,0,0,1440U5501_/0050,F,380,400,20
Section,1842.0,0,0,0,0,1440U5501_/0050,F,380,400,20
Section,1843.0,0,0,0,0,1440U5501_/0050,F,380,400,20
Section,1844.0,0,0,0,0,1440U5501_/0050,F,380,400,20
Section,1845.0,0,0,0,0,1440U5501_/0050,F,380,400,20
Section,1846.0,0,0,0,0,1440U5501_/0050,F,380,400,20
Section,1847.0,0,0,0,0,1440U5501_/0050,F,380,400,20
Section,1848.0,0,0,0,0,1440U5501_/0050,F,380,400,20
Section,1849.0,0,0,0,0,1440U5501_/0050,F,380,400,20
Section,1850.0,0,0,0,0,1440U5501_/0050,F,380,400,20
Section,1851.0,0,0,0,0,1440U5501_/0050,F,380,400,20
Section,1851.0,0,0,0,0,1440U5501_/0050,F,400,413,13
Section,1852.0,0,0,0,0,1440U5501_/0050,F,400,413,13
Section,1853.0,0,0,0,0,1440U5501_/0050,F,400,413,13
Section,1854.0,0,0,0,0,1440U5501_/0050,F,400,413,13
Section,1855.0,0,0,0,0,1440U5501_/0050,F,400,413,13
Section,1856.0,0,0,0,0,1440U5501_/0050,F,400,413,13
Section,1857.0,0,0,0,0,1440U5501_/0050,F,400,413,13
Section,1858.0,0,0,0,0,1440U5501_/0050,F,400,413,13
Section,1859.0,0,0,0,0,1440U5501_/0050,F,400,413,13
Section,1860.0,0,0,0,0,1440U5501_/0050,F,400,413,13
Section,1861.0,0,0,0,0,1440U5501_/0050,F,400,413,13
Section,1862.0,0,0,0,0,1440U5501_/0050,F,400,413,13
Section,1863.0,0,0,0,0,1440U5501_/0050,F,400,413,13
Section,1864.0,0,0,0,0,1440U5501_/0050,F,400,413,13
Section,1864.0,0,0,0,0,1440U5501_/0110,R,0,20,20
Section,1865.0,0,0,0,0,1440U5501_/0110,R,0,20,20
Section,1866.0,0,0,0,0,1440U5501_/0110,R,0,20,20
Section,1867.0,0,0,0,0,1440U5501_/0110,R,0,20,20
Section,1868.0,0,0,0,0,1440U5501_/0110,R,0,20,20
Section,1869.0,0,0,0,0,1440U5501_/0110,R,0,20,20
Section,1870.0,0,0,0,0,1440U5501_/0110,R,0,20,20
Section,1871.0,0,0,0,0,1440U5501_/0110,R,0,20,20
Section,1872.0,0,0,0,0,1440U5501_/0110,R,0,20,20
Section,1873.0,0,0,0,0,1440U5501_/0110,R,0,20,20
Section,1874.0,0,0,0,0,1440U5501_/0110,R,0,20,20
Section,1875.0,0,0,0,0,1440U5501_/0110,R,0,20,20
Section,1876.0,0,0,0,0,1440U5501_/0110,R,0,20,20
Section,1877.0,0,0,0,0,1440U5501_/0110,R,0,20,20
Section,1878.0,0,0,0,0,1440U5501_/0110,R,0,20,20
Section,1879.0,0,0,0,0,1440U5501_/0110,R,0,20,20
Section,1880.0,0,0,0,0,1440U5501_/0110,R,0,20,20
Section,1881.0,0,0,0,0,1440U5501_/0110,R,0,20,20
Section,1882.0,0,0,0,0,1440U5501_/0110,R,0,20,20
Section,1883.0,0,0,0,0,1440U5501_/0110,R,0,20,20
Section,1884.0,0,0,0,0,1440U5501_/0110,R,0,20,20
Section,1884.0,0,0,0,0,1440U5501_/0110,R,20,40,20
Section,1885.0,0,0,0,0,1440U5501_/0110,R,20,40,20
Section,1886.0,0,0,0,0,1440U5501_/0110,R,20,40,20
Section,1887.0,0,0,0,0,1440U5501_/0110,R,20,40,20
Section,1888.0,0,0,0,0,1440U5501_/0110,R,20,40,20
Section,1889.0,0,0,0,0,1440U5501_/0110,R,20,40,20
Section,1890.0,0,0,0,0,1440U5501_/0110,R,20,40,20
Section,1891.0,0,0,0,0,1440U5501_/0110,R,20,40,20
Section,1892.0,0,0,0,0,1440U5501_/0110,R,20,40,20
Section,1893.0,0,0,0,0,1440U5501_/0110,R,20,40,20
Section,1894.0,0,0,0,0,1440U5501_/0110,R,20,40,20
Section,1895.0,0,0,0,0,1440U5501_/0110,R,20,40,20
Section,1896.0,0,0,0,0,1440U5501_/0110,R,20,40,20
Section,1897.0,0,0,0,0,1440U5501_/0110,R,20,40,20
Section,1898.0,0,0,0,0,1440U5501_/0110,R,20,40,20
Section,1899.0,0,0,0,0,1440U5501_/0110,R,20,40,20
Section,1900.0,0,0,0,0,1440U5501_/0110,R,20,40,20
Section,1901.0,0,0,0,0,1440U5501_/0110,R,20,40,20
Section,1902.0,0,0,0,0,1440U5501_/0110,R,20,40,20
Section,1903.0,0,0,0,0,1440U5501_/0110,R,20,40,20
Section,1904.0,0,0,0,0,1440U5501_/0110,R,20,40,20
Section,1904.0,0,0,0,0,1440U5501_/0110,R,40,60,20
Section,1905.0,0,0,0,0,1440U5501_/0110,R,40,60,20
Section,1906.0,0,0,0,0,1440U5501_/0110,R,40,60,20
Section,1907.0,0,0,0,0,1440U5501_/0110,R,40,60,20
Section,1908.0,0,0,0,0,1440U5501_/0110,R,40,60,20
Section,1909.0,0,0,0,0,1440U5501_/0110,R,40,60,20
Section,1910.0,0,0,0,0,1440U5501_/0110,R,40,60,20
Section,1911.0,0,0,0,0,1440U5501_/0110,R,40,60,20
Section,1912.0,0,0,0,0,1440U5501_/0110,R,40,60,20
Section,1913.0,0,0,0,0,1440U5501_/0110,R,40,60,20
Section,1914.0,0,0,0,0,1440U5501_/0110,R,40,60,20
Section,1915.0,0,0,0,0,1440U5501_/0110,R,40,60,20
Section,1916.0,0,0,0,0,1440U5501_/0110,R,40,60,20
Section,1917.0,0,0,0,0,1440U5501_/0110,R,40,60,20
Section,1918.0,5,5,5,5,1440U5501_/0110,R,40,60,20
Section,1919.0,0,0,3,0,1440U5501_/0110,R,40,60,20
Section,1920.0,0,0,3,0,1440U5501_/0110,R,40,60,20
Section,1921.0,0,0,3,0,1440U5501_/0110,R,40,60,20
Section,1922.0,0,0,3,0,1440U5501_/0110,R,40,60,20
Section,1923.0,0,0,3,0,1440U5501_/0110,R,40,60,20
Section,1924.0,0,0,3,0,1440U5501_/0110,R,40,60,20
Section,1924.0,0,0,3,0,1440U5501_/0110,R,60,80,20
Section,1925.0,0,0,3,0,1440U5501_/0110,R,60,80,20
Section,1926.0,0,0,3,0,1440U5501_/0110,R,60,80,20
Section,1927.0,0,0,3,0,1440U5501_/0110,R,60,80,20
Section,1928.0,0,0,3,0,1440U5501_/0110,R,60,80,20
Section,1929.0,0,0,3,0,1440U5501_/0110,R,60,80,20
Section,1930.0,0,0,3,0,1440U5501_/0110,R,60,80,20
Section,1931.0,0,0,3,0,1440U5501_/0110,R,60,80,20
Section,1932.0,0,0,3,0,1440U5501_/0110,R,60,80,20
Section,1933.0,0,0,3,0,1440U5501_/0110,R,60,80,20
Section,1934.0,0,0,3,0,1440U5501_/0110,R,60,80,20
Section,1935.0,0,0,3,0,1440U5501_/0110,R,60,80,20
Section,1936.0,0,0,3,0,1440U5501_/0110,R,60,80,20
Section,1937.0,0,0,3,0,1440U5501_/0110,R,60,80,20
Section,1938.0,0,0,3,0,1440U5501_/0110,R,60,80,20
Section,1939.0,0,0,3,0,1440U5501_/0110,R,60,80,20
Section,1940.0,0,0,3,0,1440U5501_/0110,R,60,80,20
Section,1941.0,0,0,3,0,1440U5501_/0110,R,60,80,20
Section,1942.0,0,0,3,0,1440U5501_/0110,R,60,80,20
Section,1943.0,0,0,0,0,1440U5501_/0110,R,60,80,20
Section,1944.0,0,0,0,0,1440U5501_/0110,R,60,80,20
Section,1944.0,0,0,0,0,1440U5501_/0110,R,80,100,20
Section,1945.0,0,0,0,0,1440U5501_/0110,R,80,100,20
Section,1946.0,0,0,0,0,1440U5501_/0110,R,80,100,20
Section,1947.0,0,0,0,0,1440U5501_/0110,R,80,100,20
Section,1948.0,0,0,0,0,1440U5501_/0110,R,80,100,20
Section,1949.0,0,0,0,0,1440U5501_/0110,R,80,100,20
Section,1950.0,0,0,0,0,1440U5501_/0110,R,80,100,20
Section,1951.0,0,0,0,0,1440U5501_/0110,R,80,100,20
Section,1952.0,0,0,0,0,1440U5501_/0110,R,80,100,20
Section,1953.0,0,0,0,0,1440U5501_/0110,R,80,100,20
Section,1954.0,0,0,0,0,1440U5501_/0110,R,80,100,20
Section,1955.0,0,0,0,0,1440U5501_/0110,R,80,100,20
Section,1956.0,0,0,0,0,1440U5501_/0110,R,80,100,20
Section,1957.0,0,0,0,0,1440U5501_/0110,R,80,100,20
Section,1958.0,0,0,0,0,1440U5501_/0110,R,80,100,20
Section,1959.0,0,0,0,0,1440U5501_/0110,R,80,100,20
Section,1960.0,0,0,0,0,1440U5501_/0110,R,80,100,20
Section,1961.0,0,0,0,0,1440U5501_/0110,R,80,100,20
Section,1962.0,0,0,0,0,1440U5501_/0110,R,80,100,20
Section,1963.0,0,0,0,0,1440U5501_/0110,R,80,100,20
Section,1964.0,0,0,0,0,1440U5501_/0110,R,80,100,20
Section,1964.0,0,0,0,0,1440U5501_/0110,R,100,120,20
Section,1965.0,0,0,0,0,1440U5501_/0110,R,100,120,20
Section,1966.0,0,0,0,0,1440U5501_/0110,R,100,120,20
Section,1967.0,0,0,0,0,1440U5501_/0110,R,100,120,20
Section,1968.0,0,0,0,0,1440U5501_/0110,R,100,120,20
Section,1969.0,0,0,0,0,1440U5501_/0110,R,100,120,20
Section,1970.0,0,0,0,0,1440U5501_/0110,R,100,120,20
Section,1971.0,0,0,0,0,1440U5501_/0110,R,100,120,20
Section,1972.0,0,0,0,0,1440U5501_/0110,R,100,120,20
Section,1973.0,0,0,0,0,1440U5501_/0110,R,100,120,20
Section,1974.0,5,5,5,5,1440U5501_/0110,R,100,120,20
Section,1975.0,0,0,0,4,1440U5501_/0110,R,100,120,20
Section,1976.0,0,0,0,4,1440U5501_/0110,R,100,120,20
Section,1977.0,0,0,0,4,1440U5501_/0110,R,100,120,20
Section,1978.0,0,0,0,4,1440U5501_/0110,R,100,120,20
Section,1979.0,0,0,0,4,1440U5501_/0110,R,100,120,20
Section,1980.0,0,0,0,4,1440U5501_/0110,R,100,120,20
Section,1981.0,0,0,0,4,1440U5501_/0110,R,100,120,20
Section,1982.0,0,0,0,0,1440U5501_/0110,R,100,120,20
Section,1983.0,0,0,0,0,1440U5501_/0110,R,100,120,20
Section,1984.0,0,0,0,0,1440U5501_/0110,R,100,120,20
Section,1984.0,0,0,0,0,1440U5501_/0110,R,120,134,14
Section,1985.0,0,0,0,0,1440U5501_/0110,R,120,134,14
Section,1986.0,0,0,0,0,1440U5501_/0110,R,120,134,14
Section,1987.0,0,0,0,0,1440U5501_/0110,R,120,134,14
Section,1988.0,0,0,0,0,1440U5501_/0110,R,120,134,14
Section,1989.0,0,0,0,0,1440U5501_/0110,R,120,134,14
Section,1990.0,0,0,0,0,1440U5501_/0110,R,120,134,14
Section,1991.0,0,0,0,0,1440U5501_/0110,R,120,134,14
Section,1992.0,0,0,0,0,1440U5501_/0110,R,120,134,14
Section,1993.0,0,0,0,0,1440U5501_/0110,R,120,134,14
Section,1994.0,0,0,0,0,1440U5501_/0110,R,120,134,14
Section,1995.0,0,0,0,0,1440U5501_/0110,R,120,134,14
Section,1996.0,0,0,0,0,1440U5501_/0110,R,120,134,14
Section,1997.0,0,0,0,0,1440U5501_/0110,R,120,134,14
Section,1998.0,0,0,0,0,1440U5501_/0110,R,120,134,14
Section,2123.0,0,0,0,0,1440U5501_/0050,F,413,420,7
Section,2124.0,0,0,0,0,1440U5501_/0050,F,413,420,7
Section,2125.0,0,0,0,0,1440U5501_/0050,F,413,420,7
Section,2126.0,0,0,0,0,1440U5501_/0050,F,413,420,7
Section,2127.0,0,0,0,0,1440U5501_/0050,F,413,420,7
Section,2128.0,0,0,0,0,1440U5501_/0050,F,413,420,7
Section,2129.0,0,0,0,0,1440U5501_/0050,F,413,420,7
Section,2130.0,0,0,0,0,1440U5501_/0050,F,413,420,7
Section,2130.0,0,0,0,0,1440U5501_/0050,F,420,440,20
Section,2131.0,0,0,0,0,1440U5501_/0050,F,420,440,20
Section,2132.0,0,0,0,0,1440U5501_/0050,F,420,440,20
Section,2133.0,0,0,0,0,1440U5501_/0050,F,420,440,20
Section,2134.0,0,0,0,0,1440U5501_/0050,F,420,440,20
Section,2135.0,0,0,0,0,1440U5501_/0050,F,420,440,20
Section,2136.0,0,0,0,0,1440U5501_/0050,F,420,440,20
Section,2137.0,0,0,0,0,1440U5501_/0050,F,420,440,20
Section,2138.0,0,0,0,0,1440U5501_/0050,F,420,440,20
Section,2139.0,0,0,0,0,1440U5501_/0050,F,420,440,20
Section,2140.0,0,0,0,0,1440U5501_/0050,F,420,440,20
Section,2141.0,0,0,0,0,1440U5501_/0050,F,420,440,20
Section,2142.0,0,0,0,0,1440U5501_/0050,F,420,440,20
Section,2143.0,0,0,0,0,1440U5501_/0050,F,420,440,20
Section,2144.0,0,0,0,0,1440U5501_/0050,F,420,440,20
Section,2145.0,0,0,0,0,1440U5501_/0050,F,420,440,20
Section,2146.0,0,0,0,0,1440U5501_/0050,F,420,440,20
Section,2147.0,0,0,0,0,1440U5501_/0050,F,420,440,20
Section,2148.0,0,0,0,0,1440U5501_/0050,F,420,440,20
Section,2149.0,0,0,0,0,1440U5501_/0050,F,420,440,20
Section,2150.0,0,0,0,0,1440U5501_/0050,F,420,440,20
Section,2150.0,0,0,0,0,1440U5501_/0050,F,440,460,20
Section,2151.0,0,0,0,0,1440U5501_/0050,F,440,460,20
Section,2152.0,0,0,0,0,1440U5501_/0050,F,440,460,20
Section,2153.0,0,0,0,0,1440U5501_/0050,F,440,460,20
Section,2154.0,0,0,0,0,1440U5501_/0050,F,440,460,20
Section,2155.0,0,0,0,0,1440U5501_/0050,F,440,460,20
Section,2156.0,0,0,0,0,1440U5501_/0050,F,440,460,20
Section,2157.0,0,0,0,0,1440U5501_/0050,F,440,460,20
Section,2158.0,0,0,0,0,1440U5501_/0050,F,440,460,20
Section,2159.0,0,0,0,0,1440U5501_/0050,F,440,460,20
Section,2160.0,0,0,0,0,1440U5501_/0050,F,440,460,20
Section,2161.0,0,0,0,0,1440U5501_/0050,F,440,460,20
Section,2162.0,0,0,0,0,1440U5501_/0050,F,440,460,20
Section,2163.0,0,0,0,0,1440U5501_/0050,F,440,460,20
Section,2164.0,0,0,0,0,1440U5501_/0050,F,440,460,20
Section,2165.0,0,0,0,0,1440U5501_/0050,F,440,460,20
Section,2166.0,0,0,0,0,1440U5501_/0050,F,440,460,20
Section,2167.0,0,0,0,0,1440U5501_/0050,F,440,460,20
Section,2168.0,0,0,0,0,1440U5501_/0050,F,440,460,20
Section,2169.0,0,0,0,0,1440U5501_/0050,F,440,460,20
Section,2170.0,0,0,0,0,1440U5501_/0050,F,440,460,20
Section,2170.0,0,0,0,0,1440U5501_/0050,F,460,480,20
Section,2171.0,0,0,0,0,1440U5501_/0050,F,460,480,20
Section,2172.0,0,0,0,0,1440U5501_/0050,F,460,480,20
Section,2173.0,0,0,0,0,1440U5501_/0050,F,460,480,20
Section,2174.0,0,0,0,0,1440U5501_/0050,F,460,480,20
Section,2175.0,0,0,0,0,1440U5501_/0050,F,460,480,20
Section,2176.0,0,0,0,0,1440U5501_/0050,F,460,480,20
Section,2177.0,0,0,0,0,1440U5501_/0050,F,460,480,20
Section,2178.0,0,0,0,0,1440U5501_/0050,F,460,480,20
Section,2179.0,0,0,0,0,1440U5501_/0050,F,460,480,20
Section,2180.0,0,0,0,0,1440U5501_/0050,F,460,480,20
Section,2181.0,0,0,0,0,1440U5501_/0050,F,460,480,20
Section,2182.0,0,0,0,0,1440U5501_/0050,F,460,480,20
Section,2183.0,0,0,0,0,1440U5501_/0050,F,460,480,20
Section,2184.0,0,0,0,0,1440U5501_/0050,F,460,480,20
Section,2185.0,0,0,0,0,1440U5501_/0050,F,460,480,20
Section,2186.0,0,0,0,0,1440U5501_/0050,F,460,480,20
Section,2187.0,0,0,0,0,1440U5501_/0050,F,460,480,20
Section,2188.0,0,0,0,0,1440U5501_/0050,F,460,480,20
Section,2189.0,0,0,0,0,1440U5501_/0050,F,460,480,20
Section,2190.0,0,0,0,0,1440U5501_/0050,F,460,480,20
Section,2190.0,0,0,0,0,1440U5501_/0050,F,480,498,18
Section,2191.0,0,0,0,0,1440U5501_/0050,F,480,498,18
Section,2192.0,0,0,0,0,1440U5501_/0050,F,480,498,18
Section,2193.0,0,0,0,0,1440U5501_/0050,F,480,498,18
Section,2194.0,0,0,0,0,1440U5501_/0050,F,480,498,18
Section,2195.0,0,0,0,0,1440U5501_/0050,F,480,498,18
Section,2196.0,0,0,0,0,1440U5501_/0050,F,480,498,18
Section,2197.0,0,0,0,0,1440U5501_/0050,F,480,498,18
Section,2198.0,0,0,0,0,1440U5501_/0050,F,480,498,18
Section,2199.0,0,0,0,0,1440U5501_/0050,F,480,498,18
Section,2200.0,0,0,0,0,1440U5501_/0050,F,480,498,18
Section,2201.0,0,0,0,0,1440U5501_/0050,F,480,498,18
Section,2202.0,0,0,0,0,1440U5501_/0050,F,480,498,18
Section,2203.0,0,0,0,0,1440U5501_/0050,F,480,498,18
Section,2204.0,0,0,0,0,1440U5501_/0050,F,480,498,18
Section,2205.0,0,0,0,0,1440U5501_/0050,F,480,498,18
Section,2206.0,0,0,0,0,1440U5501_/0050,F,480,498,18
Section,2207.0,0,0,0,0,1440U5501_/0050,F,480,498,18
Section,2208.0,0,0,0,0,1440U5501_/0050,F,480,498,18
Section,2208.0,0,0,0,0,1440U5501_/0120,R,0,20,20
Section,2209.0,0,5,5,0,1440U5501_/0120,R,0,20,20
Section,2210.0,0,5,5,0,1440U5501_/0120,R,0,20,20
Section,2211.0,0,5,5,0,1440U5501_/0120,R,0,20,20
Section,2212.0,0,0,0,0,1440U5501_/0120,R,0,20,20
Section,2213.0,0,0,0,0,1440U5501_/0120,R,0,20,20
Section,2214.0,0,0,0,0,1440U5501_/0120,R,0,20,20
Section,2215.0,0,0,0,0,1440U5501_/0120,R,0,20,20
Section,2216.0,0,0,0,0,1440U5501_/0120,R,0,20,20
Section,2217.0,0,0,0,0,1440U5501_/0120,R,0,20,20
Section,2218.0,0,0,0,0,1440U5501_/0120,R,0,20,20
Section,2219.0,0,0,0,0,1440U5501_/0120,R,0,20,20
Section,2220.0,0,0,0,0,1440U5501_/0120,R,0,20,20
Section,2221.0,0,0,0,0,1440U5501_/0120,R,0,20,20
Section,2222.0,0,0,0,0,1440U5501_/0120,R,0,20,20
Section,2223.0,0,0,0,0,1440U5501_/0120,R,0,20,20
Section,2224.0,0,0,0,0,1440U5501_/0120,R,0,20,20
Section,2225.0,0,0,0,0,1440U5501_/0120,R,0,20,20
Section,2226.0,0,0,0,0,1440U5501_/0120,R,0,20,20
Section,2227.0,0,0,0,0,1440U5501_/0120,R,0,20,20
Section,2228.0,0,0,0,0,1440U5501_/0120,R,0,20,20
Section,2228.0,0,0,0,0,1440U5501_/0120,R,20,40,20
Section,2229.0,0,0,0,0,1440U5501_/0120,R,20,40,20
Section,2230.0,0,0,0,0,1440U5501_/0120,R,20,40,20
Section,2231.0,0,0,0,0,1440U5501_/0120,R,20,40,20
Section,2232.0,0,0,0,0,1440U5501_/0120,R,20,40,20
Section,2233.0,0,0,0,0,1440U5501_/0120,R,20,40,20
Section,2234.0,0,0,0,0,1440U5501_/0120,R,20,40,20
Section,2235.0,0,0,0,0,1440U5501_/0120,R,20,40,20
Section,2236.0,0,0,0,0,1440U5501_/0120,R,20,40,20
Section,2237.0,0,0,0,0,1440U5501_/0120,R,20,40,20
Section,2238.0,0,0,0,0,1440U5501_/0120,R,20,40,20
Section,2239.0,0,0,0,0,1440U5501_/0120,R,20,40,20
Section,2240.0,0,0,0,0,1440U5501_/0120,R,20,40,20
Section,2241.0,0,0,0,0,1440U5501_/0120,R,20,40,20
Section,2242.0,0,0,0,0,1440U5501_/0120,R,20,40,20
Section,2243.0,0,0,0,0,1440U5501_/0120,R,20,40,20
Section,2244.0,0,0,0,0,1440U5501_/0120,R,20,40,20
Section,2245.0,0,0,0,0,1440U5501_/0120,R,20,40,20
Section,2246.0,0,0,0,0,1440U5501_/0120,R,20,40,20
Section,2247.0,0,0,0,0,1440U5501_/0120,R,20,40,20
Section,2248.0,0,0,0,0,1440U5501_/0120,R,20,40,20
Section,2248.0,0,0,0,0,1440U5501_/0120,R,40,60,20
Section,2249.0,0,0,0,0,1440U5501_/0120,R,40,60,20
Section,2250.0,0,0,0,0,1440U5501_/0120,R,40,60,20
Section,2251.0,0,0,0,0,1440U5501_/0120,R,40,60,20
Section,2252.0,0,0,0,0,1440U5501_/0120,R,40,60,20
Section,2253.0,0,0,0,0,1440U5501_/0120,R,40,60,20
Section,2254.0,0,0,0,0,1440U5501_/0120,R,40,60,20
Section,2255.0,0,0,0,0,1440U5501_/0120,R,40,60,20
Section,2256.0,0,0,0,0,1440U5501_/0120,R,40,60,20
Section,2257.0,0,0,0,0,1440U5501_/0120,R,40,60,20
Section,2258.0,0,0,0,0,1440U5501_/0120,R,40,60,20
Section,2259.0,5,5,5,5,1440U5501_/0120,R,40,60,20
Section,2260.0,0,0,0,0,1440U5501_/0120,R,40,60,20
Section,2261.0,0,0,0,0,1440U5501_/0120,R,40,60,20
Section,2262.0,0,0,0,0,1440U5501_/0120,R,40,60,20
Section,2263.0,0,0,0,0,1440U5501_/0120,R,40,60,20
Section,2264.0,0,0,0,0,1440U5501_/0120,R,40,60,20
Section,2265.0,0,0,0,0,1440U5501_/0120,R,40,60,20
Section,2266.0,0,0,0,0,1440U5501_/0120,R,40,60,20
Section,2267.0,0,0,0,0,1440U5501_/0120,R,40,60,20
Section,2268.0,0,0,0,0,1440U5501_/0120,R,40,60,20
Section,2268.0,0,0,0,0,1440U5501_/0120,R,60,80,20
Section,2269.0,0,0,0,0,1440U5501_/0120,R,60,80,20
Section,2270.0,0,0,0,0,1440U5501_/0120,R,60,80,20
Section,2271.0,0,0,0,0,1440U5501_/0120,R,60,80,20
Section,2272.0,0,0,0,0,1440U5501_/0120,R,60,80,20
Section,2273.0,0,0,0,0,1440U5501_/0120,R,60,80,20
Section,2274.0,0,0,0,0,1440U5501_/0120,R,60,80,20
Section,2275.0,0,0,0,0,1440U5501_/0120,R,60,80,20
Section,2276.0,0,0,0,0,1440U5501_/0120,R,60,80,20
Section,2277.0,0,0,0,0,1440U5501_/0120,R,60,80,20
Section,2278.0,0,0,0,0,1440U5501_/0120,R,60,80,20
Section,2279.0,0,0,0,0,1440U5501_/0120,R,60,80,20
Section,2280.0,0,0,0,0,1440U5501_/0120,R,60,80,20
Section,2281.0,0,0,0,0,1440U5501_/0120,R,60,80,20
Section,2282.0,0,0,0,0,1440U5501_/0120,R,60,80,20
Section,2283.0,0,0,0,0,1440U5501_/0120,R,60,80,20
Section,2284.0,0,0,0,0,1440U5501_/0120,R,60,80,20
Section,2285.0,0,0,0,0,1440U5501_/0120,R,60,80,20
Section,2286.0,0,0,0,0,1440U5501_/0120,R,60,80,20
Section,2287.0,0,0,0,0,1440U5501_/0120,R,60,80,20
Section,2288.0,0,0,0,0,1440U5501_/0120,R,60,80,20
Section,2288.0,0,0,0,0,1440U5501_/0120,R,80,100,20
Section,2289.0,0,0,0,0,1440U5501_/0120,R,80,100,20
Section,2290.0,0,0,0,0,1440U5501_/0120,R,80,100,20
Section,2291.0,0,0,0,0,1440U5501_/0120,R,80,100,20
Section,2292.0,0,0,0,0,1440U5501_/0120,R,80,100,20
Section,2293.0,0,0,0,0,1440U5501_/0120,R,80,100,20
Section,2294.0,0,0,0,0,1440U5501_/0120,R,80,100,20
Section,2295.0,5,5,5,5,1440U5501_/0120,R,80,100,20
Section,2296.0,0,0,0,0,1440U5501_/0120,R,80,100,20
Section,2297.0,0,0,0,0,1440U5501_/0120,R,80,100,20
Section,2298.0,0,0,0,0,1440U5501_/0120,R,80,100,20
Section,2299.0,0,0,0,0,1440U5501_/0120,R,80,100,20
Section,2300.0,0,0,0,0,1440U5501_/0120,R,80,100,20
Section,2301.0,0,0,0,0,1440U5501_/0120,R,80,100,20
Section,2302.0,0,0,0,0,1440U5501_/0120,R,80,100,20
Section,2303.0,0,0,0,0,1440U5501_/0120,R,80,100,20
Section,2304.0,0,0,0,0,1440U5501_/0120,R,80,100,20
Section,2305.0,0,0,0,0,1440U5501_/0120,R,80,100,20
Section,2306.0,0,0,0,0,1440U5501_/0120,R,80,100,20
Section,2307.0,0,0,0,0,1440U5501_/0120,R,80,100,20
Section,2308.0,0,0,0,0,1440U5501_/0120,R,80,100,20
Section,2308.0,0,0,0,0,1440U5501_/0120,R,100,101,1
Section,2309.0,0,0,0,0,1440U5501_/0120,R,100,101,1
Section,2397.0,0,0,0,0,1440U5501_/0050,F,498,500,2
Section,2398.0,0,0,0,0,1440U5501_/0050,F,498,500,2
Section,2399.0,0,0,0,0,1440U5501_/0050,F,498,500,2
Section,2399.0,0,0,0,0,1440U5501_/0050,F,500,520,20
Section,2400.0,0,0,0,0,1440U5501_/0050,F,500,520,20
Section,2401.0,5,5,5,5,1440U5501_/0050,F,500,520,20
Section,2402.0,0,0,0,0,1440U5501_/0050,F,500,520,20
Section,2403.0,0,0,0,0,1440U5501_/0050,F,500,520,20
Section,2404.0,0,0,0,0,1440U5501_/0050,F,500,520,20
Section,2405.0,0,0,0,0,1440U5501_/0050,F,500,520,20
Section,2406.0,0,0,0,0,1440U5501_/0050,F,500,520,20
Section,2407.0,0,0,0,0,1440U5501_/0050,F,500,520,20
Section,2408.0,0,0,0,0,1440U5501_/0050,F,500,520,20
Section,2409.0,0,0,0,0,1440U5501_/0050,F,500,520,20
Section,2410.0,0,0,0,0,1440U5501_/0050,F,500,520,20
Section,2411.0,0,0,0,0,1440U5501_/0050,F,500,520,20
Section,2412.0,0,0,0,0,1440U5501_/0050,F,500,520,20
Section,2413.0,0,0,0,0,1440U5501_/0050,F,500,520,20
Section,2414.0,0,0,0,0,1440U5501_/0050,F,500,520,20
Section,2415.0,0,0,0,0,1440U5501_/0050,F,500,520,20
Section,2416.0,0,0,0,0,1440U5501_/0050,F,500,520,20
Section,2417.0,0,0,0,0,1440U5501_/0050,F,500,520,20
Section,2418.0,0,0,0,0,1440U5501_/0050,F,500,520,20
Section,2419.0,0,0,0,0,1440U5501_/0050,F,500,520,20
Section,2419.0,0,0,0,0,1440U5501_/0050,F,520,540,20
Section,2420.0,0,0,0,0,1440U5501_/0050,F,520,540,20
Section,2421.0,0,0,0,0,1440U5501_/0050,F,520,540,20
Section,2422.0,0,0,0,0,1440U5501_/0050,F,520,540,20
Section,2423.0,0,0,0,0,1440U5501_/0050,F,520,540,20
Section,2424.0,0,0,0,0,1440U5501_/0050,F,520,540,20
Section,2425.0,0,0,0,0,1440U5501_/0050,F,520,540,20
Section,2426.0,0,0,0,0,1440U5501_/0050,F,520,540,20
Section,2427.0,0,0,0,0,1440U5501_/0050,F,520,540,20
Section,2428.0,0,0,0,0,1440U5501_/0050,F,520,540,20
Section,2429.0,0,0,0,0,1440U5501_/0050,F,520,540,20
Section,2430.0,0,0,0,0,1440U5501_/0050,F,520,540,20
Section,2431.0,0,0,0,0,1440U5501_/0050,F,520,540,20
Section,2432.0,0,0,0,0,1440U5501_/0050,F,520,540,20
Section,2433.0,0,0,0,0,1440U5501_/0050,F,520,540,20
Section,2434.0,0,0,0,0,1440U5501_/0050,F,520,540,20
Section,2435.0,0,0,0,0,1440U5501_/0050,F,520,540,20
Section,2436.0,0,0,0,0,1440U5501_/0050,F,520,540,20
Section,2437.0,0,0,0,0,1440U5501_/0050,F,520,540,20
Section,2438.0,0,0,0,0,1440U5501_/0050,F,520,540,20
Section,2439.0,0,0,0,0,1440U5501_/0050,F,520,540,20
Section,2439.0,0,0,0,0,1440U5501_/0050,F,540,560,20
Section,2440.0,0,0,0,0,1440U5501_/0050,F,540,560,20
Section,2441.0,0,0,0,0,1440U5501_/0050,F,540,560,20
Section,2442.0,0,0,0,0,1440U5501_/0050,F,540,560,20
Section,2443.0,0,0,0,0,1440U5501_/0050,F,540,560,20
Section,2444.0,0,0,0,0,1440U5501_/0050,F,540,560,20
Section,2445.0,0,0,0,0,1440U5501_/0050,F,540,560,20
Section,2446.0,0,0,0,0,1440U5501_/0050,F,540,560,20
Section,2447.0,5,5,5,5,1440U5501_/0050,F,540,560,20
Section,2448.0,0,0,0,0,1440U5501_/0050,F,540,560,20
Section,2449.0,0,0,0,0,1440U5501_/0050,F,540,560,20
Section,2450.0,0,0,0,0,1440U5501_/0050,F,540,560,20
Section,2451.0,0,0,0,0,1440U5501_/0050,F,540,560,20
Section,2452.0,0,0,0,0,1440U5501_/0050,F,540,560,20
Section,2453.0,0,0,0,0,1440U5501_/0050,F,540,560,20
Section,2454.0,0,0,0,0,1440U5501_/0050,F,540,560,20
Section,2455.0,0,0,0,0,1440U5501_/0050,F,540,560,20
Section,2456.0,0,0,0,0,1440U5501_/0050,F,540,560,20
Section,2457.0,0,0,0,0,1440U5501_/0050,F,540,560,20
Section,2458.0,0,0,0,0,1440U5501_/0050,F,540,560,20
Section,2459.0,0,0,0,0,1440U5501_/0050,F,540,560,20
Section,2459.0,0,0,0,0,1440U5501_/0050,F,560,575,15
Section,2460.0,0,0,0,0,1440U5501_/0050,F,560,575,15
Section,2461.0,0,0,0,0,1440U5501_/0050,F,560,575,15
Section,2462.0,0,0,0,0,1440U5501_/0050,F,560,575,15
Section,2463.0,0,0,0,0,1440U5501_/0050,F,560,575,15
Section,2464.0,0,0,0,0,1440U5501_/0050,F,560,575,15
Section,2465.0,0,0,0,0,1440U5501_/0050,F,560,575,15
Section,2466.0,0,0,0,0,1440U5501_/0050,F,560,575,15
Section,2467.0,5,5,5,5,1440U5501_/0050,F,560,575,15
Section,2468.0,0,0,0,0,1440U5501_/0050,F,560,575,15
Section,2469.0,0,0,0,0,1440U5501_/0050,F,560,575,15
Section,2470.0,0,0,0,0,1440U5501_/0050,F,560,575,15
Section,2471.0,0,0,0,0,1440U5501_/0050,F,560,575,15
Section,2472.0,0,0,0,0,1440U5501_/0050,F,560,575,15
Section,2473.0,0,0,0,0,1440U5501_/0050,F,560,575,15
Section,2473.0,0,0,0,0,1440U5501_/0140,F,0,20,20
Section,2474.0,8,5,5,5,1440U5501_/0140,F,0,20,20
Section,2475.0,8,5,5,5,1440U5501_/0140,F,0,20,20
Section,2476.0,8,8,8,8,1440U5501_/0140,F,0,20,20
Section,2477.0,0,0,0,0,1440U5501_/0140,F,0,20,20
Section,2478.0,5,5,5,5,1440U5501_/0140,F,0,20,20
Section,2479.0,5,5,8,8,1440U5501_/0140,F,0,20,20
Section,2480.0,5,5,8,8,1440U5501_/0140,F,0,20,20
Section,2481.0,5,5,8,8,1440U5501_/0140,F,0,20,20
Section,2482.0,5,5,8,8,1440U5501_/0140,F,0,20,20
Section,2483.0,5,5,8,8,1440U5501_/0140,F,0,20,20
Section,2484.0,5,5,8,8,1440U5501_/0140,F,0,20,20
Section,2485.0,5,5,8,8,1440U5501_/0140,F,0,20,20
Section,2486.0,5,5,8,8,1440U5501_/0140,F,0,20,20
Section,2487.0,5,5,8,8,1440U5501_/0140,F,0,20,20
Section,2488.0,5,5,8,8,1440U5501_/0140,F,0,20,20
Section,2489.0,5,5,8,8,1440U5501_/0140,F,0,20,20
Section,2490.0,5,5,8,8,1440U5501_/0140,F,0,20,20
Section,2491.0,5,5,8,8,1440U5501_/0140,F,0,20,20
Section,2492.0,5,5,8,8,1440U5501_/0140,F,0,20,20
Section,2493.0,5,5,8,8,1440U5501_/0140,F,0,20,20
Section,2493.0,5,5,8,8,1440U5501_/0140,F,20,40,20
Section,2494.0,5,5,8,8,1440U5501_/0140,F,20,40,20
Section,2495.0,5,5,8,8,1440U5501_/0140,F,20,40,20
Section,2496.0,5,5,8,8,1440U5501_/0140,F,20,40,20
Section,2497.0,5,5,8,8,1440U5501_/0140,F,20,40,20
Section,2498.0,5,5,8,8,1440U5501_/0140,F,20,40,20
Section,2499.0,5,5,8,8,1440U5501_/0140,F,20,40,20
Section,2500.0,5,5,8,8,1440U5501_/0140,F,20,40,20
Section,2501.0,5,5,8,8,1440U5501_/0140,F,20,40,20
Section,2502.0,5,5,8,8,1440U5501_/0140,F,20,40,20
Section,2503.0,5,5,8,8,1440U5501_/0140,F,20,40,20
Section,2504.0,5,5,8,8,1440U5501_/0140,F,20,40,20
Section,2505.0,5,5,8,8,1440U5501_/0140,F,20,40,20
Section,2506.0,5,5,8,8,1440U5501_/0140,F,20,40,20
Section,2507.0,5,5,8,8,1440U5501_/0140,F,20,40,20
Section,2508.0,5,5,8,8,1440U5501_/0140,F,20,40,20
Section,2509.0,5,5,8,8,1440U5501_/0140,F,20,40,20
Section,2510.0,5,5,8,8,1440U5501_/0140,F,20,40,20
Section,2511.0,5,5,8,8,1440U5501_/0140,F,20,40,20
Section,2512.0,5,5,8,8,1440U5501_/0140,F,20,40,20
Section,2513.0,5,5,8,8,1440U5501_/0140,F,20,40,20
Section,2513.0,5,5,8,8,1440U5501_/0140,F,40,60,20
Section,2514.0,5,5,8,8,1440U5501_/0140,F,40,60,20
Section,2515.0,5,5,8,8,1440U5501_/0140,F,40,60,20
Section,2516.0,5,5,8,8,1440U5501_/0140,F,40,60,20
Section,2517.0,5,5,8,8,1440U5501_/0140,F,40,60,20
Section,2518.0,5,5,8,8,1440U5501_/0140,F,40,60,20
Section,2519.0,5,5,8,8,1440U5501_/0140,F,40,60,20
Section,2520.0,5,5,8,8,1440U5501_/0140,F,40,60,20
Section,2521.0,5,5,8,8,1440U5501_/0140,F,40,60,20
Section,2522.0,5,5,8,8,1440U5501_/0140,F,40,60,20
Section,2523.0,5,5,8,8,1440U5501_/0140,F,40,60,20
Section,2524.0,5,5,8,8,1440U5501_/0140,F,40,60,20
Section,2525.0,5,5,8,8,1440U5501_/0140,F,40,60,20
Section,2526.0,5,5,8,8,1440U5501_/0140,F,40,60,20
Section,2527.0,5,5,8,8,1440U5501_/0140,F,40,60,20
Section,2528.0,5,5,8,8,1440U5501_/0140,F,40,60,20
Section,2529.0,5,5,8,8,1440U5501_/0140,F,40,60,20
Section,2530.0,5,5,8,8,1440U5501_/0140,F,40,60,20
Section,2531.0,5,5,8,8,1440U5501_/0140,F,40,60,20
Section,2532.0,5,5,8,8,1440U5501_/0140,F,40,60,20
Section,2533.0,5,5,8,8,1440U5501_/0140,F,40,60,20
Section,2533.0,5,5,8,8,1440U5501_/0140,F,60,65,5
Section,2534.0,5,5,8,8,1440U5501_/0140,F,60,65,5
Section,2535.0,5,5,8,8,1440U5501_/0140,F,60,65,5
Section,2536.0,5,5,8,8,1440U5501_/0140,F,60,65,5
Section,2537.0,5,5,8,8,1440U5501_/0140,F,60,65,5
Section,2538.0,8,8,8,8,1440U5501_/0140,F,60,65,5
Section,2598.0,0,0,0,0,1440U5501_/0050,F,575,580,5
Section,2599.0,0,0,0,0,1440U5501_/0050,F,575,580,5
Section,2600.0,0,0,0,0,1440U5501_/0050,F,575,580,5
Section,2601.0,0,0,0,0,1440U5501_/0050,F,575,580,5
Section,2602.0,0,0,0,0,1440U5501_/0050,F,575,580,5
Section,2603.0,0,0,0,0,1440U5501_/0050,F,575,580,5
Section,2603.0,0,0,0,0,1440U5501_/0050,F,580,600,20
Section,2604.0,0,0,0,0,1440U5501_/0050,F,580,600,20
Section,2605.0,0,0,0,0,1440U5501_/0050,F,580,600,20
Section,2606.0,0,0,0,0,1440U5501_/0050,F,580,600,20
Section,2607.0,0,0,0,0,1440U5501_/0050,F,580,600,20
Section,2608.0,0,0,0,0,1440U5501_/0050,F,580,600,20
Section,2609.0,0,0,0,0,1440U5501_/0050,F,580,600,20
Section,2610.0,0,0,0,0,1440U5501_/0050,F,580,600,20
Section,2611.0,0,0,0,0,1440U5501_/0050,F,580,600,20
Section,2612.0,0,0,0,0,1440U5501_/0050,F,580,600,20
Section,2613.0,0,0,0,0,1440U5501_/0050,F,580,600,20
Section,2614.0,0,0,0,0,1440U5501_/0050,F,580,600,20
Section,2615.0,0,0,0,0,1440U5501_/0050,F,580,600,20
Section,2616.0,0,0,0,0,1440U5501_/0050,F,580,600,20
Section,2617.0,0,0,0,0,1440U5501_/0050,F,580,600,20
Section,2618.0,0,0,0,0,1440U5501_/0050,F,580,600,20
Section,2619.0,0,0,0,0,1440U5501_/0050,F,580,600,20
Section,2620.0,0,0,0,0,1440U5501_/0050,F,580,600,20
Section,2621.0,0,0,0,0,1440U5501_/0050,F,580,600,20
Section,2622.0,0,0,0,0,1440U5501_/0050,F,580,600,20
Section,2623.0,0,0,0,0,1440U5501_/0050,F,580,600,20
Section,2623.0,0,0,0,0,1440U5501_/0050,F,600,615,15
Section,2624.0,0,0,0,0,1440U5501_/0050,F,600,615,15
Section,2625.0,0,0,0,0,1440U5501_/0050,F,600,615,15
Section,2626.0,0,0,0,0,1440U5501_/0050,F,600,615,15
Section,2627.0,0,0,0,0,1440U5501_/0050,F,600,615,15
Section,2628.0,0,0,0,0,1440U5501_/0050,F,600,615,15
Section,2629.0,0,0,0,0,1440U5501_/0050,F,600,615,15
Section,2630.0,0,0,0,0,1440U5501_/0050,F,600,615,15
Section,2631.0,0,0,0,0,1440U5501_/0050,F,600,615,15
Section,2632.0,0,0,0,0,1440U5501_/0050,F,600,615,15
Section,2633.0,0,0,0,0,1440U5501_/0050,F,600,615,15
Section,2634.0,0,0,0,0,1440U5501_/0050,F,600,615,15
Section,2635.0,0,0,0,0,1440U5501_/0050,F,600,615,15
Section,2636.0,0,0,0,0,1440U5501_/0050,F,600,615,15
Section,2637.0,0,0,0,0,1440U5501_/0050,F,600,615,15
Section,2638.0,0,0,0,0,1440U5501_/0050,F,600,615,15
Section,2639.0,0,0,0,0,1440U5501_/0050,F,600,615,15
Section,2639.0,0,0,0,0,1440U5501_/0150,R,0,20,20
Section,2640.0,5,5,5,5,1440U5501_/0150,R,0,20,20
Section,2641.0,8,8,8,8,1440U5501_/0150,R,0,20,20
Section,2642.0,5,5,5,5,1440U5501_/0150,R,0,20,20
Section,2643.0,8,8,8,8,1440U5501_/0150,R,0,20,20
Section,2644.0,8,8,8,8,1440U5501_/0150,R,0,20,20
Section,2645.0,0,0,0,0,1440U5501_/0150,R,0,20,20
Section,2646.0,0,0,0,0,1440U5501_/0150,R,0,20,20
Section,2647.0,0,0,0,0,1440U5501_/0150,R,0,20,20
Section,2648.0,0,0,0,0,1440U5501_/0150,R,0,20,20
Section,2649.0,0,0,0,0,1440U5501_/0150,R,0,20,20
Section,2650.0,0,0,0,0,1440U5501_/0150,R,0,20,20
Section,2651.0,0,0,0,0,1440U5501_/0150,R,0,20,20
Section,2652.0,0,0,0,0,1440U5501_/0150,R,0,20,20
Section,2653.0,0,0,0,0,1440U5501_/0150,R,0,20,20
Section,2654.0,0,0,0,0,1440U5501_/0150,R,0,20,20
Section,2655.0,0,0,0,0,1440U5501_/0150,R,0,20,20
Section,2656.0,0,0,0,0,1440U5501_/0150,R,0,20,20
Section,2657.0,0,0,0,0,1440U5501_/0150,R,0,20,20
Section,2658.0,0,0,0,0,1440U5501_/0150,R,0,20,20
Section,2659.0,0,0,0,0,1440U5501_/0150,R,0,20,20
Section,2659.0,0,0,0,0,1440U5501_/0150,R,20,40,20
Section,2660.0,0,0,0,0,1440U5501_/0150,R,20,40,20
Section,2661.0,0,0,0,0,1440U5501_/0150,R,20,40,20
Section,2662.0,0,0,0,0,1440U5501_/0150,R,20,40,20
Section,2663.0,0,0,0,0,1440U5501_/0150,R,20,40,20
Section,2664.0,0,0,0,0,1440U5501_/0150,R,20,40,20
Section,2665.0,0,0,0,0,1440U5501_/0150,R,20,40,20
Section,2666.0,0,0,0,0,1440U5501_/0150,R,20,40,20
Section,2667.0,0,0,0,0,1440U5501_/0150,R,20,40,20
Section,2668.0,0,0,0,0,1440U5501_/0150,R,20,40,20
Section,2669.0,0,0,0,0,1440U5501_/0150,R,20,40,20
Section,2670.0,0,0,0,0,1440U5501_/0150,R,20,40,20
Section,2671.0,0,0,0,0,1440U5501_/0150,R,20,40,20
Section,2672.0,0,0,0,0,1440U5501_/0150,R,20,40,20
Section,2673.0,0,0,0,0,1440U5501_/0150,R,20,40,20
Section,2674.0,0,0,0,0,1440U5501_/0150,R,20,40,20
Section,2675.0,0,0,0,0,1440U5501_/0150,R,20,40,20
Section,2676.0,0,0,0,0,1440U5501_/0150,R,20,40,20
Section,2677.0,0,0,0,0,1440U5501_/0150,R,20,40,20
Section,2678.0,5,5,5,5,1440U5501_/0150,R,20,40,20
Section,2679.0,0,0,0,0,1440U5501_/0150,R,20,40,20
Section,2679.0,0,0,0,0,1440U5501_/0150,R,40,56,16
Section,2680.0,5,5,5,5,1440U5501_/0150,R,40,56,16
Section,2681.0,0,0,0,0,1440U5501_/0150,R,40,56,16
Section,2682.0,0,0,0,0,1440U5501_/0150,R,40,56,16
Section,2683.0,0,0,0,0,1440U5501_/0150,R,40,56,16
Section,2684.0,0,0,0,0,1440U5501_/0150,R,40,56,16
Section,2685.0,0,0,0,0,1440U5501_/0150,R,40,56,16
Section,2686.0,8,8,8,8,1440U5501_/0150,R,40,56,16
Section,2687.0,8,8,8,8,1440U5501_/0150,R,40,56,16
Section,2688.0,0,0,0,0,1440U5501_/0150,R,40,56,16
Section,2689.0,0,0,0,0,1440U5501_/0150,R,40,56,16
Section,2690.0,0,0,0,0,1440U5501_/0150,R,40,56,16
Section,2691.0,0,0,0,0,1440U5501_/0150,R,40,56,16
Section,2692.0,0,0,0,0,1440U5501_/0150,R,40,56,16
Section,2693.0,0,0,0,0,1440U5501_/0150,R,40,56,16
Section,2694.0,0,0,0,0,1440U5501_/0150,R,40,56,16
Section,2695.0,0,0,0,0,1440U5501_/0150,R,40,56,16
Section,2732.0,0,0,0,0,1440U5501_/0050,F,615,620,5
Section,2733.0,0,0,0,0,1440U5501_/0050,F,615,620,5
Section,2734.0,0,0,0,0,1440U5501_/0050,F,615,620,5
Section,2735.0,0,0,0,0,1440U5501_/0050,F,615,620,5
Section,2736.0,0,0,0,0,1440U5501_/0050,F,615,620,5
Section,2736.0,0,0,0,0,1440U5501_/0050,F,620,640,20
Section,2737.0,0,0,0,0,1440U5501_/0050,F,620,640,20
Section,2738.0,0,0,0,0,1440U5501_/0050,F,620,640,20
Section,2739.0,0,0,0,0,1440U5501_/0050,F,620,640,20
Section,2740.0,0,0,0,0,1440U5501_/0050,F,620,640,20
Section,2741.0,0,0,0,0,1440U5501_/0050,F,620,640,20
Section,2742.0,0,0,0,0,1440U5501_/0050,F,620,640,20
Section,2743.0,0,0,0,0,1440U5501_/0050,F,620,640,20
Section,2744.0,0,0,0,0,1440U5501_/0050,F,620,640,20
Section,2745.0,0,0,0,0,1440U5501_/0050,F,620,640,20
Section,2746.0,0,0,0,0,1440U5501_/0050,F,620,640,20
Section,2747.0,0,0,0,0,1440U5501_/0050,F,620,640,20
Section,2748.0,0,0,0,0,1440U5501_/0050,F,620,640,20
Section,2749.0,0,0,0,0,1440U5501_/0050,F,620,640,20
Section,2750.0,0,0,0,0,1440U5501_/0050,F,620,640,20
Section,2751.0,0,0,0,0,1440U5501_/0050,F,620,640,20
Section,2752.0,0,0,0,0,1440U5501_/0050,F,620,640,20
Section,2753.0,0,0,0,0,1440U5501_/0050,F,620,640,20
Section,2754.0,0,0,0,0,1440U5501_/0050,F,620,640,20
Section,2755.0,0,0,0,0,1440U5501_/0050,F,620,640,20
Section,2756.0,0,0,0,0,1440U5501_/0050,F,620,640,20
Section,2756.0,0,0,0,0,1440U5501_/0050,F,640,660,20
Section,2757.0,0,0,0,0,1440U5501_/0050,F,640,660,20
Section,2758.0,0,0,0,0,1440U5501_/0050,F,640,660,20
Section,2759.0,0,0,0,0,1440U5501_/0050,F,640,660,20
Section,2760.0,0,0,0,0,1440U5501_/0050,F,640,660,20
Section,2761.0,0,0,0,0,1440U5501_/0050,F,640,660,20
Section,2762.0,0,0,0,0,1440U5501_/0050,F,640,660,20
Section,2763.0,0,0,0,0,1440U5501_/0050,F,640,660,20
Section,2764.0,0,0,0,0,1440U5501_/0050,F,640,660,20
Section,2765.0,0,0,0,0,1440U5501_/0050,F,640,660,20
Section,2766.0,0,0,0,0,1440U5501_/0050,F,640,660,20
Section,2767.0,0,0,0,0,1440U5501_/0050,F,640,660,20
Section,2768.0,0,0,0,0,1440U5501_/0050,F,640,660,20
Section,2769.0,0,0,0,0,1440U5501_/0050,F,640,660,20
Section,2770.0,0,0,0,0,1440U5501_/0050,F,640,660,20
Section,2771.0,0,0,0,0,1440U5501_/0050,F,640,660,20
Section,2772.0,0,0,0,0,1440U5501_/0050,F,640,660,20
Section,2773.0,0,0,0,0,1440U5501_/0050,F,640,660,20
Section,2774.0,0,0,0,0,1440U5501_/0050,F,640,660,20
Section,2775.0,0,0,0,0,1440U5501_/0050,F,640,660,20
Section,2776.0,0,0,0,0,1440U5501_/0050,F,640,660,20
Section,2776.0,0,0,0,0,1440U5501_/0050,F,660,677,17
Section,2777.0,0,0,0,0,1440U5501_/0050,F,660,677,17
Section,2778.0,5,5,5,5,1440U5501_/0050,F,660,677,17
Section,2779.0,0,0,0,0,1440U5501_/0050,F,660,677,17
Section,2780.0,0,0,0,0,1440U5501_/0050,F,660,677,17
Section,2781.0,0,0,0,0,1440U5501_/0050,F,660,677,17
Section,2782.0,0,0,0,0,1440U5501_/0050,F,660,677,17
Section,2783.0,0,0,0,0,1440U5501_/0050,F,660,677,17
Section,2784.0,0,0,0,0,1440U5501_/0050,F,660,677,17
Section,2785.0,0,0,0,0,1440U5501_/0050,F,660,677,17
Section,2786.0,0,0,0,0,1440U5501_/0050,F,660,677,17
Section,2787.0,5,5,5,5,1440U5501_/0050,F,660,677,17
Section,2788.0,0,0,0,0,1440U5501_/0050,F,660,677,17
Section,2789.0,0,0,0,0,1440U5501_/0050,F,660,677,17
Section,2790.0,0,0,0,0,1440U5501_/0050,F,660,677,17
Section,2791.0,0,0,0,0,1440U5501_/0050,F,660,677,17
Section,2792.0,5,5,5,5,1440U5501_/0050,F,660,677,17
Section,2793.0,0,0,0,0,1440U5501_/0050,F,660,677,17
Section,2793.0,0,0,0,0,1440U5501_/0170,F,0,20,20
Section,2794.0,8,8,8,8,1440U5501_/0170,F,0,20,20
Section,2795.0,8,8,8,8,1440U5501_/0170,F,0,20,20
Section,2796.0,8,8,8,8,1440U5501_/0170,F,0,20,20
Section,2797.0,0,0,0,0,1440U5501_/0170,F,0,20,20
Section,2798.0,0,0,0,0,1440U5501_/0170,F,0,20,20
Section,2799.0,0,0,0,0,1440U5501_/0170,F,0,20,20
Section,2800.0,0,0,0,0,1440U5501_/0170,F,0,20,20
Section,2801.0,0,0,0,0,1440U5501_/0170,F,0,20,20
Section,2802.0,0,0,0,0,1440U5501_/0170,F,0,20,20
Section,2803.0,0,0,0,0,1440U5501_/0170,F,0,20,20
Section,2804.0,0,0,0,0,1440U5501_/0170,F,0,20,20
Section,2805.0,0,0,0,0,1440U5501_/0170,F,0,20,20
Section,2806.0,0,0,0,0,1440U5501_/0170,F,0,20,20
Section,2807.0,0,0,0,0,1440U5501_/0170,F,0,20,20
Section,2808.0,0,0,0,0,1440U5501_/0170,F,0,20,20
Section,2809.0,0,0,0,0,1440U5501_/0170,F,0,20,20
Section,2810.0,0,0,0,0,1440U5501_/0170,F,0,20,20
Section,2811.0,0,0,0,0,1440U5501_/0170,F,0,20,20
Section,2812.0,0,0,0,0,1440U5501_/0170,F,0,20,20
Section,2813.0,0,0,0,0,1440U5501_/0170,F,0,20,20
Section,2813.0,0,0,0,0,1440U5501_/0170,F,20,40,20
Section,2814.0,0,0,0,0,1440U5501_/0170,F,20,40,20
Section,2815.0,0,0,0,0,1440U5501_/0170,F,20,40,20
Section,2816.0,0,0,0,0,1440U5501_/0170,F,20,40,20
Section,2817.0,0,0,0,0,1440U5501_/0170,F,20,40,20
Section,2818.0,0,0,0,0,1440U5501_/0170,F,20,40,20
Section,2819.0,0,0,0,0,1440U5501_/0170,F,20,40,20
Section,2820.0,0,0,0,0,1440U5501_/0170,F,20,40,20
Section,2821.0,0,0,0,0,1440U5501_/0170,F,20,40,20
Section,2822.0,0,0,0,0,1440U5501_/0170,F,20,40,20
Section,2823.0,0,0,0,0,1440U5501_/0170,F,20,40,20
Section,2824.0,0,0,0,0,1440U5501_/0170,F,20,40,20
Section,2825.0,0,0,0,0,1440U5501_/0170,F,20,40,20
Section,2826.0,0,0,0,0,1440U5501_/0170,F,20,40,20
Section,2827.0,0,0,0,0,1440U5501_/0170,F,20,40,20
Section,2828.0,0,0,0,0,1440U5501_/0170,F,20,40,20
Section,2829.0,0,0,0,0,1440U5501_/0170,F,20,40,20
Section,2830.0,0,0,0,0,1440U5501_/0170,F,20,40,20
Section,2831.0,0,0,0,0,1440U5501_/0170,F,20,40,20
Section,2832.0,0,0,0,0,1440U5501_/0170,F,20,40,20
Section,2833.0,0,0,0,0,1440U5501_/0170,F,20,40,20
Section,2833.0,0,0,0,0,1440U5501_/0170,F,40,60,20
Section,2834.0,0,0,0,0,1440U5501_/0170,F,40,60,20
Section,2835.0,0,0,0,0,1440U5501_/0170,F,40,60,20
Section,2836.0,0,0,0,0,1440U5501_/0170,F,40,60,20
Section,2837.0,0,0,0,0,1440U5501_/0170,F,40,60,20
Section,2838.0,0,0,0,0,1440U5501_/0170,F,40,60,20
Section,2839.0,0,0,0,0,1440U5501_/0170,F,40,60,20
Section,2840.0,0,0,0,0,1440U5501_/0170,F,40,60,20
Section,2841.0,0,0,0,0,1440U5501_/0170,F,40,60,20
Section,2842.0,0,0,0,0,1440U5501_/0170,F,40,60,20
Section,2843.0,0,0,0,0,1440U5501_/0170,F,40,60,20
Section,2844.0,0,0,0,0,1440U5501_/0170,F,40,60,20
Section,2845.0,0,0,0,0,1440U5501_/0170,F,40,60,20
Section,2846.0,0,0,0,0,1440U5501_/0170,F,40,60,20
Section,2847.0,0,0,0,0,1440U5501_/0170,F,40,60,20
Section,2848.0,0,0,0,0,1440U5501_/0170,F,40,60,20
Section,2849.0,0,0,0,0,1440U5501_/0170,F,40,60,20
Section,2850.0,0,0,0,0,1440U5501_/0170,F,40,60,20
Section,2851.0,0,0,0,0,1440U5501_/0170,F,40,60,20
Section,2852.0,0,0,0,0,1440U5501_/0170,F,40,60,20
Section,2853.0,0,0,0,0,1440U5501_/0170,F,40,60,20
Section,2853.0,0,0,0,0,1440U5501_/0170,F,60,68,8
Section,2854.0,0,0,0,0,1440U5501_/0170,F,60,68,8
Section,2855.0,0,0,0,0,1440U5501_/0170,F,60,68,8
Section,2856.0,0,0,0,0,1440U5501_/0170,F,60,68,8
Section,2857.0,0,0,0,0,1440U5501_/0170,F,60,68,8
Section,2858.0,0,0,0,0,1440U5501_/0170,F,60,68,8
Section,2859.0,0,0,0,0,1440U5501_/0170,F,60,68,8
Section,2860.0,0,0,0,0,1440U5501_/0170,F,60,68,8
Section,2861.0,0,0,0,0,1440U5501_/0170,F,60,68,8
Section,2923.0,0,0,0,0,1440U5501_/0050,F,677,680,3
Section,2924.0,0,0,0,0,1440U5501_/0050,F,677,680,3
Section,2925.0,0,0,0,0,1440U5501_/0050,F,677,680,3
Section,2926.0,0,0,0,0,1440U5501_/0050,F,677,680,3
Section,2926.0,0,0,0,0,1440U5501_/0050,F,680,700,20
Section,2927.0,0,0,0,0,1440U5501_/0050,F,680,700,20
Section,2928.0,0,0,0,0,1440U5501_/0050,F,680,700,20
Section,2929.0,0,0,0,0,1440U5501_/0050,F,680,700,20
Section,2930.0,0,0,0,0,1440U5501_/0050,F,680,700,20
Section,2931.0,0,0,0,0,1440U5501_/0050,F,680,700,20
Section,2932.0,0,0,0,0,1440U5501_/0050,F,680,700,20
Section,2933.0,0,0,0,0,1440U5501_/0050,F,680,700,20
Section,2934.0,0,0,0,0,1440U5501_/0050,F,680,700,20
Section,2935.0,0,0,0,0,1440U5501_/0050,F,680,700,20
Section,2936.0,0,0,0,0,1440U5501_/0050,F,680,700,20
Section,2937.0,0,0,0,0,1440U5501_/0050,F,680,700,20
Section,2938.0,0,0,0,0,1440U5501_/0050,F,680,700,20
Section,2939.0,0,0,0,0,1440U5501_/0050,F,680,700,20
Section,2940.0,5,5,5,5,1440U5501_/0050,F,680,700,20
Section,2941.0,0,0,0,0,1440U5501_/0050,F,680,700,20
Section,2942.0,0,0,0,0,1440U5501_/0050,F,680,700,20
Section,2943.0,0,0,0,0,1440U5501_/0050,F,680,700,20
Section,2944.0,0,0,0,0,1440U5501_/0050,F,680,700,20
Section,2945.0,0,0,0,0,1440U5501_/0050,F,680,700,20
Section,2946.0,0,0,0,0,1440U5501_/0050,F,680,700,20
Section,2946.0,0,0,0,0,1440U5501_/0050,F,700,720,20
Section,2947.0,0,0,0,0,1440U5501_/0050,F,700,720,20
Section,2948.0,0,0,0,0,1440U5501_/0050,F,700,720,20
Section,2949.0,0,0,0,0,1440U5501_/0050,F,700,720,20
Section,2950.0,0,0,0,0,1440U5501_/0050,F,700,720,20
Section,2951.0,0,0,0,0,1440U5501_/0050,F,700,720,20
Section,2952.0,0,0,0,0,1440U5501_/0050,F,700,720,20
Section,2953.0,0,0,0,0,1440U5501_/0050,F,700,720,20
Section,2954.0,0,0,0,0,1440U5501_/0050,F,700,720,20
Section,2955.0,5,5,5,5,1440U5501_/0050,F,700,720,20
Section,2956.0,0,0,0,0,1440U5501_/0050,F,700,720,20
Section,2957.0,0,0,0,0,1440U5501_/0050,F,700,720,20
Section,2958.0,0,0,0,0,1440U5501_/0050,F,700,720,20
Section,2959.0,0,0,0,0,1440U5501_/0050,F,700,720,20
Section,2960.0,0,0,0,0,1440U5501_/0050,F,700,720,20
Section,2961.0,0,0,0,0,1440U5501_/0050,F,700,720,20
Section,2962.0,0,0,0,0,1440U5501_/0050,F,700,720,20
Section,2963.0,0,0,0,0,1440U5501_/0050,F,700,720,20
Section,2964.0,0,0,0,0,1440U5501_/0050,F,700,720,20
Section,2965.0,0,0,0,0,1440U5501_/0050,F,700,720,20
Section,2966.0,0,0,0,0,1440U5501_/0050,F,700,720,20
Section,2966.0,0,0,0,0,1440U5501_/0050,F,720,733,13
Section,2967.0,0,0,0,0,1440U5501_/0050,F,720,733,13
Section,2968.0,0,0,0,0,1440U5501_/0050,F,720,733,13
Section,2969.0,0,0,0,0,1440U5501_/0050,F,720,733,13
Section,2970.0,0,0,0,0,1440U5501_/0050,F,720,733,13
Section,2971.0,5,5,5,5,1440U5501_/0050,F,720,733,13
Section,2972.0,0,0,0,0,1440U5501_/0050,F,720,733,13
Section,2973.0,0,0,0,0,1440U5501_/0050,F,720,733,13
Section,2974.0,0,0,0,0,1440U5501_/0050,F,720,733,13
Section,2975.0,0,0,0,0,1440U5501_/0050,F,720,733,13
Section,2976.0,0,0,0,0,1440U5501_/0050,F,720,733,13
Section,2977.0,0,0,0,0,1440U5501_/0050,F,720,733,13
Section,2978.0,0,0,0,0,1440U5501_/0050,F,720,733,13
Section,2979.0,0,0,0,0,1440U5501_/0050,F,720,733,13
Section,2979.0,0,0,0,0,1440U5501_/0180,F,0,20,20
Section,2980.0,0,0,0,0,1440U5501_/0180,F,0,20,20
Section,2981.0,0,0,0,0,1440U5501_/0180,F,0,20,20
Section,2982.0,0,0,0,0,1440U5501_/0180,F,0,20,20
Section,2983.0,0,0,0,0,1440U5501_/0180,F,0,20,20
Section,2984.0,0,0,0,0,1440U5501_/0180,F,0,20,20
Section,2985.0,0,0,0,0,1440U5501_/0180,F,0,20,20
Section,2986.0,5,5,5,5,1440U5501_/0180,F,0,20,20
Section,2987.0,0,0,0,0,1440U5501_/0180,F,0,20,20
Section,2988.0,0,0,0,0,1440U5501_/0180,F,0,20,20
Section,2989.0,0,0,0,0,1440U5501_/0180,F,0,20,20
Section,2990.0,0,0,0,0,1440U5501_/0180,F,0,20,20
Section,2991.0,5,5,5,5,1440U5501_/0180,F,0,20,20
Section,2992.0,0,0,0,0,1440U5501_/0180,F,0,20,20
Section,2993.0,0,0,0,0,1440U5501_/0180,F,0,20,20
Section,2994.0,5,5,5,5,1440U5501_/0180,F,0,20,20
Section,2995.0,0,0,3,0,1440U5501_/0180,F,0,20,20
Section,2996.0,0,0,3,0,1440U5501_/0180,F,0,20,20
Section,2997.0,0,0,3,0,1440U5501_/0180,F,0,20,20
Section,2998.0,0,0,3,0,1440U5501_/0180,F,0,20,20
Section,2999.0,0,0,3,0,1440U5501_/0180,F,0,20,20
Section,2999.0,0,0,3,0,1440U5501_/0180,F,20,40,20
Section,3000.0,0,0,3,0,1440U5501_/0180,F,20,40,20
Section,3001.0,0,0,3,0,1440U5501_/0180,F,20,40,20
Section,3002.0,0,0,3,0,1440U5501_/0180,F,20,40,20
Section,3003.0,0,0,0,0,1440U5501_/0180,F,20,40,20
Section,3004.0,0,0,0,0,1440U5501_/0180,F,20,40,20
Section,3005.0,5,5,5,5,1440U5501_/0180,F,20,40,20
Section,3006.0,0,0,0,0,1440U5501_/0180,F,20,40,20
Section,3007.0,0,0,0,0,1440U5501_/0180,F,20,40,20
Section,3008.0,0,0,0,0,1440U5501_/0180,F,20,40,20
Section,3009.0,5,5,5,5,1440U5501_/0180,F,20,40,20
Section,3010.0,0,8,8,0,1440U5501_/0180,F,20,40,20
Section,3011.0,0,8,8,0,1440U5501_/0180,F,20,40,20
Section,3012.0,0,8,8,0,1440U5501_/0180,F,20,40,20
Section,3013.0,0,8,8,0,1440U5501_/0180,F,20,40,20
Section,3014.0,5,8,8,5,1440U5501_/0180,F,20,40,20
Section,3015.0,0,8,8,0,1440U5501_/0180,F,20,40,20
Section,3016.0,0,8,8,0,1440U5501_/0180,F,20,40,20
Section,3017.0,0,8,8,0,1440U5501_/0180,F,20,40,20
Section,3018.0,0,0,0,0,1440U5501_/0180,F,20,40,20
Section,3019.0,0,0,0,0,1440U5501_/0180,F,20,40,20
Section,3019.0,0,0,0,0,1440U5501_/0180,F,40,48,8
Section,3020.0,0,0,0,0,1440U5501_/0180,F,40,48,8
Section,3021.0,0,0,0,0,1440U5501_/0180,F,40,48,8
Section,3022.0,0,0,0,0,1440U5501_/0180,F,40,48,8
Section,3023.0,0,0,0,0,1440U5501_/0180,F,40,48,8
Section,3024.0,0,0,0,0,1440U5501_/0180,F,40,48,8
Section,3025.0,0,0,0,0,1440U5501_/0180,F,40,48,8
Section,3026.0,0,0,0,0,1440U5501_/0180,F,40,48,8
Section,3027.0,0,0,0,0,1440U5501_/0180,F,40,48,8
Section,3049.0,0,0,0,0,1440U5501_/0050,F,733,740,7
Section,3050.0,0,0,0,0,1440U5501_/0050,F,733,740,7
Section,3051.0,0,0,0,0,1440U5501_/0050,F,733,740,7
Section,3052.0,5,5,5,5,1440U5501_/0050,F,733,740,7
Section,3053.0,0,0,0,0,1440U5501_/0050,F,733,740,7
Section,3054.0,0,0,0,0,1440U5501_/0050,F,733,740,7
Section,3055.0,0,0,0,0,1440U5501_/0050,F,733,740,7
Section,3056.0,0,0,0,0,1440U5501_/0050,F,733,740,7
Section,3056.0,0,0,0,0,1440U5501_/0050,F,740,760,20
Section,3057.0,0,0,0,0,1440U5501_/0050,F,740,760,20
Section,3058.0,0,0,0,0,1440U5501_/0050,F,740,760,20
Section,3059.0,0,0,0,0,1440U5501_/0050,F,740,760,20
Section,3060.0,0,0,0,0,1440U5501_/0050,F,740,760,20
Section,3061.0,0,0,0,0,1440U5501_/0050,F,740,760,20
Section,3062.0,5,5,5,5,1440U5501_/0050,F,740,760,20
Section,3063.0,0,0,0,0,1440U5501_/0050,F,740,760,20
Section,3064.0,0,0,0,0,1440U5501_/0050,F,740,760,20
Section,3065.0,0,0,0,0,1440U5501_/0050,F,740,760,20
Section,3066.0,0,0,0,0,1440U5501_/0050,F,740,760,20
Section,3067.0,0,0,0,0,1440U5501_/0050,F,740,760,20
Section,3068.0,0,0,0,0,1440U5501_/0050,F,740,760,20
Section,3069.0,0,0,0,0,1440U5501_/0050,F,740,760,20
Section,3070.0,0,0,0,0,1440U5501_/0050,F,740,760,20
Section,3071.0,5,5,5,5,1440U5501_/0050,F,740,760,20
Section,3072.0,0,0,0,0,1440U5501_/0050,F,740,760,20
Section,3073.0,0,0,0,0,1440U5501_/0050,F,740,760,20
Section,3074.0,0,0,0,0,1440U5501_/0050,F,740,760,20
Section,3075.0,3,3,3,0,1440U5501_/0050,F,740,760,20
Section,3076.0,0,0,0,0,1440U5501_/0050,F,740,760,20
Section,3076.0,0,0,0,0,1440U5501_/0050,F,760,766,6
Section,3077.0,0,0,0,0,1440U5501_/0050,F,760,766,6
Section,3078.0,0,3,0,0,1440U5501_/0050,F,760,766,6
Section,3079.0,0,3,0,0,1440U5501_/0050,F,760,766,6
Section,3080.0,0,3,0,0,1440U5501_/0050,F,760,766,6
Section,3081.0,0,3,0,0,1440U5501_/0050,F,760,766,6
Section,3082.0,0,0,0,0,1440U5501_/0050,F,760,766,6
Section,3083.0,0,0,0,0,1440U5501_/0050,F,760,766,6
Section,3083.0,0,0,0,0,1440U5501_/0190,F,0,20,20
Section,3084.0,5,5,5,5,1440U5501_/0190,F,0,20,20
Section,3085.0,5,5,5,5,1440U5501_/0190,F,0,20,20
Section,3086.0,8,8,8,8,1440U5501_/0190,F,0,20,20
Section,3087.0,8,8,8,8,1440U5501_/0190,F,0,20,20
Section,3088.0,0,3,0,0,1440U5501_/0190,F,0,20,20
Section,3089.0,0,3,0,0,1440U5501_/0190,F,0,20,20
Section,3090.0,0,3,0,0,1440U5501_/0190,F,0,20,20
Section,3091.0,0,3,0,0,1440U5501_/0190,F,0,20,20
Section,3092.0,0,3,0,0,1440U5501_/0190,F,0,20,20
Section,3093.0,0,3,0,0,1440U5501_/0190,F,0,20,20
Section,3094.0,5,5,5,5,1440U5501_/0190,F,0,20,20
Section,3095.0,0,3,0,0,1440U5501_/0190,F,0,20,20
Section,3096.0,0,3,0,0,1440U5501_/0190,F,0,20,20
Section,3097.0,0,3,0,0,1440U5501_/0190,F,0,20,20
Section,3098.0,0,3,0,0,1440U5501_/0190,F,0,20,20
Section,3099.0,0,3,0,0,1440U5501_/0190,F,0,20,20
Section,3100.0,0,3,0,0,1440U5501_/0190,F,0,20,20
Section,3101.0,0,3,0,0,1440U5501_/0190,F,0,20,20
Section,3102.0,0,12,0,0,1440U5501_/0190,F,0,20,20
Section,3103.0,0,0,13,0,1440U5501_/0190,F,0,20,20
Section,3103.0,0,0,13,0,1440U5501_/0190,F,20,40,20
Section,3104.0,0,0,0,0,1440U5501_/0190,F,20,40,20
Section,3105.0,0,0,0,0,1440U5501_/0190,F,20,40,20
Section,3106.0,0,0,0,0,1440U5501_/0190,F,20,40,20
Section,3107.0,0,0,0,0,1440U5501_/0190,F,20,40,20
Section,3108.0,0,0,0,0,1440U5501_/0190,F,20,40,20
Section,3109.0,12,0,13,0,1440U5501_/0190,F,20,40,20
Section,3110.0,0,0,0,0,1440U5501_/0190,F,20,40,20
Section,3111.0,0,0,0,0,1440U5501_/0190,F,20,40,20
Section,3112.0,3,0,0,0,1440U5501_/0190,F,20,40,20
Section,3113.0,3,0,0,0,1440U5501_/0190,F,20,40,20
Section,3114.0,3,0,0,0,1440U5501_/0190,F,20,40,20
Section,3115.0,3,0,0,0,1440U5501_/0190,F,20,40,20
Section,3116.0,3,0,0,0,1440U5501_/0190,F,20,40,20
Section,3117.0,3,12,0,13,1440U5501_/0190,F,20,40,20
Section,3118.0,3,0,0,0,1440U5501_/0190,F,20,40,20
Section,3119.0,3,0,0,0,1440U5501_/0190,F,20,40,20
Section,3120.0,3,0,0,0,1440U5501_/0190,F,20,40,20
Section,3121.0,3,0,0,0,1440U5501_/0190,F,20,40,20
Section,3122.0,3,0,12,13,1440U5501_/0190,F,20,40,20
Section,3123.0,3,0,0,0,1440U5501_/0190,F,20,40,20
Section,3123.0,3,0,0,0,1440U5501_/0190,F,40,60,20
Section,3124.0,3,0,0,0,1440U5501_/0190,F,40,60,20
Section,3125.0,3,0,0,0,1440U5501_/0190,F,40,60,20
Section,3126.0,3,0,0,0,1440U5501_/0190,F,40,60,20
Section,3127.0,3,0,0,0,1440U5501_/0190,F,40,60,20
Section,3128.0,3,13,0,0,1440U5501_/0190,F,40,60,20
Section,3129.0,3,0,0,0,1440U5501_/0190,F,40,60,20
Section,3130.0,3,0,0,0,1440U5501_/0190,F,40,60,20
Section,3131.0,3,0,0,0,1440U5501_/0190,F,40,60,20
Section,3132.0,3,12,13,0,1440U5501_/0190,F,40,60,20
Section,3133.0,3,0,0,0,1440U5501_/0190,F,40,60,20
Section,3134.0,3,0,0,0,1440U5501_/0190,F,40,60,20
Section,3135.0,3,0,0,0,1440U5501_/0190,F,40,60,20
Section,3136.0,3,0,0,0,1440U5501_/0190,F,40,60,20
Section,3137.0,3,0,0,0,1440U5501_/0190,F,40,60,20
Section,3138.0,3,12,0,13,1440U5501_/0190,F,40,60,20
Section,3139.0,3,0,0,0,1440U5501_/0190,F,40,60,20
Section,3140.0,3,0,0,0,1440U5501_/0190,F,40,60,20
Section,3141.0,3,0,0,0,1440U5501_/0190,F,40,60,20
Section,3142.0,3,0,0,0,1440U5501_/0190,F,40,60,20
Section,3143.0,3,0,0,0,1440U5501_/0190,F,40,60,20
Section,3143.0,3,0,0,0,1440U5501_/0190,F,60,80,20
Section,3144.0,3,0,0,0,1440U5501_/0190,F,60,80,20
Section,3145.0,3,0,0,0,1440U5501_/0190,F,60,80,20
Section,3146.0,3,0,0,0,1440U5501_/0190,F,60,80,20
Section,3147.0,3,0,0,0,1440U5501_/0190,F,60,80,20
Section,3148.0,3,13,0,12,1440U5501_/0190,F,60,80,20
Section,3149.0,3,0,0,0,1440U5501_/0190,F,60,80,20
Section,3150.0,3,0,0,0,1440U5501_/0190,F,60,80,20
Section,3151.0,3,0,0,0,1440U5501_/0190,F,60,80,20
Section,3152.0,3,0,0,0,1440U5501_/0190,F,60,80,20
Section,3153.0,3,0,0,0,1440U5501_/0190,F,60,80,20
Section,3154.0,3,0,0,0,1440U5501_/0190,F,60,80,20
Section,3155.0,3,0,0,0,1440U5501_/0190,F,60,80,20
Section,3156.0,3,0,0,0,1440U5501_/0190,F,60,80,20
Section,3157.0,3,0,0,0,1440U5501_/0190,F,60,80,20
Section,3158.0,3,0,0,0,1440U5501_/0190,F,60,80,20
Section,3159.0,3,0,0,0,1440U5501_/0190,F,60,80,20
Section,3160.0,3,0,12,13,1440U5501_/0190,F,60,80,20
Section,3161.0,3,0,0,0,1440U5501_/0190,F,60,80,20
Section,3162.0,3,0,0,0,1440U5501_/0190,F,60,80,20
Section,3163.0,3,0,0,0,1440U5501_/0190,F,60,80,20
Section,3163.0,3,0,0,0,1440U5501_/0190,F,80,91,11
Section,3164.0,3,0,0,0,1440U5501_/0190,F,80,91,11
Section,3165.0,3,0,0,0,1440U5501_/0190,F,80,91,11
Section,3166.0,3,0,0,0,1440U5501_/0190,F,80,91,11
Section,3167.0,3,0,0,0,1440U5501_/0190,F,80,91,11
Section,3168.0,3,0,0,0,1440U5501_/0190,F,80,91,11
Section,3169.0,3,0,0,0,1440U5501_/0190,F,80,91,11
Section,3170.0,3,0,0,0,1440U5501_/0190,F,80,91,11
Section,3171.0,3,0,13,12,1440U5501_/0190,F,80,91,11
Section,3172.0,3,0,0,0,1440U5501_/0190,F,80,91,11
Section,3173.0,0,0,0,0,1440U5501_/0190,F,80,91,11
Section,3174.0,0,0,0,0,1440U5501_/0190,F,80,91,11
Section,3249.0,0,0,0,0,1440U5501_/0050,F,766,780,14
Section,3250.0,3,0,0,0,1440U5501_/0050,F,766,780,14
Section,3251.0,3,0,0,0,1440U5501_/0050,F,766,780,14
Section,3252.0,3,0,0,0,1440U5501_/0050,F,766,780,14
Section,3253.0,3,0,0,0,1440U5501_/0050,F,766,780,14
Section,3254.0,3,0,0,0,1440U5501_/0050,F,766,780,14
Section,3255.0,3,0,0,13,1440U5501_/0050,F,766,780,14
Section,3256.0,3,0,0,0,1440U5501_/0050,F,766,780,14
Section,3257.0,3,0,0,0,1440U5501_/0050,F,766,780,14
Section,3258.0,3,0,0,0,1440U5501_/0050,F,766,780,14
Section,3259.0,3,0,0,0,1440U5501_/0050,F,766,780,14
Section,3260.0,3,12,0,13,1440U5501_/0050,F,766,780,14
Section,3261.0,3,0,0,0,1440U5501_/0050,F,766,780,14
Section,3262.0,3,0,0,0,1440U5501_/0050,F,766,780,14
Section,3262.0,3,0,0,0,1440U5501_/0050,F,780,800,20
Section,3263.0,3,0,0,0,1440U5501_/0050,F,780,800,20
Section,3264.0,3,0,0,0,1440U5501_/0050,F,780,800,20
Section,3265.0,3,12,0,0,1440U5501_/0050,F,780,800,20
Section,3266.0,3,0,0,0,1440U5501_/0050,F,780,800,20
Section,3267.0,3,0,0,0,1440U5501_/0050,F,780,800,20
Section,3268.0,3,0,0,13,1440U5501_/0050,F,780,800,20
Section,3269.0,3,0,0,0,1440U5501_/0050,F,780,800,20
Section,3270.0,3,0,0,0,1440U5501_/0050,F,780,800,20
Section,3271.0,3,0,0,0,1440U5501_/0050,F,780,800,20
Section,3272.0,3,0,0,0,1440U5501_/0050,F,780,800,20
Section,3273.0,3,12,0,0,1440U5501_/0050,F,780,800,20
Section,3274.0,3,0,0,0,1440U5501_/0050,F,780,800,20
Section,3275.0,3,0,0,0,1440U5501_/0050,F,780,800,20
Section,3276.0,3,0,0,0,1440U5501_/0050,F,780,800,20
Section,3277.0,3,0,0,13,1440U5501_/0050,F,780,800,20
Section,3278.0,3,0,0,0,1440U5501_/0050,F,780,800,20
Section,3279.0,3,0,0,0,1440U5501_/0050,F,780,800,20
Section,3280.0,3,12,0,0,1440U5501_/0050,F,780,800,20
Section,3281.0,3,0,0,0,1440U5501_/0050,F,780,800,20
Section,3282.0,3,0,0,13,1440U5501_/0050,F,780,800,20
Section,3282.0,3,0,0,13,1440U5501_/0050,F,800,801,1
Section,3283.0,0,0,0,0,1440U5501_/0050,F,800,801,1
Section,3284.0,0,0,0,0,1440U5501_/0050,F,800,801,1
Section,3284.0,0,0,0,0,1440U5501_/0200,F,0,20,20
Section,3285.0,8,8,8,8,1440U5501_/0200,F,0,20,20
Section,3286.0,8,8,8,8,1440U5501_/0200,F,0,20,20
Section,3287.0,0,0,0,0,1440U5501_/0200,F,0,20,20
Section,3288.0,0,0,0,0,1440U5501_/0200,F,0,20,20
Section,3289.0,0,0,0,0,1440U5501_/0200,F,0,20,20
Section,3290.0,0,0,0,0,1440U5501_/0200,F,0,20,20
Section,3291.0,0,0,0,0,1440U5501_/0200,F,0,20,20
Section,3292.0,0,0,0,0,1440U5501_/0200,F,0,20,20
Section,3293.0,0,0,0,0,1440U5501_/0200,F,0,20,20
Section,3294.0,0,0,0,0,1440U5501_/0200,F,0,20,20
Section,3295.0,0,0,0,0,1440U5501_/0200,F,0,20,20
Section,3296.0,0,0,0,0,1440U5501_/0200,F,0,20,20
Section,3297.0,12,0,0,0,1440U5501_/0200,F,0,20,20
Section,3298.0,0,0,13,0,1440U5501_/0200,F,0,20,20
Section,3299.0,3,0,0,0,1440U5501_/0200,F,0,20,20
Section,3300.0,3,0,0,0,1440U5501_/0200,F,0,20,20
Section,3301.0,3,0,0,0,1440U5501_/0200,F,0,20,20
Section,3302.0,3,0,0,0,1440U5501_/0200,F,0,20,20
Section,3303.0,3,0,0,0,1440U5501_/0200,F,0,20,20
Section,3304.0,3,0,0,0,1440U5501_/0200,F,0,20,20
Section,3304.0,3,0,0,0,1440U5501_/0200,F,20,40,20
Section,3305.0,3,0,0,0,1440U5501_/0200,F,20,40,20
Section,3306.0,3,0,0,0,1440U5501_/0200,F,20,40,20
Section,3307.0,3,12,13,0,1440U5501_/0200,F,20,40,20
Section,3308.0,0,0,0,0,1440U5501_/0200,F,20,40,20
Section,3309.0,0,0,0,0,1440U5501_/0200,F,20,40,20
Section,3310.0,0,0,0,0,1440U5501_/0200,F,20,40,20
Section,3311.0,0,0,0,0,1440U5501_/0200,F,20,40,20
Section,3312.0,0,12,0,13,1440U5501_/0200,F,20,40,20
Section,3313.0,0,0,0,0,1440U5501_/0200,F,20,40,20
Section,3314.0,3,0,0,0,1440U5501_/0200,F,20,40,20
Section,3315.0,3,0,0,0,1440U5501_/0200,F,20,40,20
Section,3316.0,3,0,0,0,1440U5501_/0200,F,20,40,20
Section,3317.0,3,0,0,0,1440U5501_/0200,F,20,40,20
Section,3318.0,3,0,0,0,1440U5501_/0200,F,20,40,20
Section,3319.0,3,0,0,0,1440U5501_/0200,F,20,40,20
Section,3320.0,3,12,0,13,1440U5501_/0200,F,20,40,20
Section,3321.0,3,0,0,0,1440U5501_/0200,F,20,40,20
Section,3322.0,0,0,0,0,1440U5501_/0200,F,20,40,20
Section,3323.0,0,0,0,0,1440U5501_/0200,F,20,40,20
Section,3324.0,0,0,0,0,1440U5501_/0200,F,20,40,20
Section,3324.0,0,0,0,0,1440U5501_/0200,F,40,40,0
Section,3362.0,0,0,0,0,1440U5501_/0050,F,801,820,19
Section,3363.0,3,0,0,0,1440U5501_/0050,F,801,820,19
Section,3364.0,3,0,0,0,1440U5501_/0050,F,801,820,19
Section,3365.0,3,0,0,0,1440U5501_/0050,F,801,820,19
Section,3366.0,3,0,0,0,1440U5501_/0050,F,801,820,19
Section,3367.0,3,0,0,0,1440U5501_/0050,F,801,820,19
Section,3368.0,3,0,0,0,1440U5501_/0050,F,801,820,19
Section,3369.0,3,0,0,0,1440U5501_/0050,F,801,820,19
Section,3370.0,3,12,0,0,1440U5501_/0050,F,801,820,19
Section,3371.0,3,0,0,0,1440U5501_/0050,F,801,820,19
Section,3372.0,3,0,0,0,1440U5501_/0050,F,801,820,19
Section,3373.0,3,0,0,0,1440U5501_/0050,F,801,820,19
Section,3374.0,3,0,0,0,1440U5501_/0050,F,801,820,19
Section,3375.0,3,0,0,0,1440U5501_/0050,F,801,820,19
Section,3376.0,3,0,0,13,1440U5501_/0050,F,801,820,19
Section,3377.0,3,0,0,0,1440U5501_/0050,F,801,820,19
Section,3378.0,3,12,0,0,1440U5501_/0050,F,801,820,19
Section,3379.0,3,0,0,0,1440U5501_/0050,F,801,820,19
Section,3380.0,3,0,0,0,1440U5501_/0050,F,801,820,19
Section,3381.0,3,0,13,0,1440U5501_/0050,F,801,820,19
Section,3381.0,3,0,13,0,1440U5501_/0050,F,820,840,20
Section,3382.0,3,0,0,0,1440U5501_/0050,F,820,840,20
Section,3383.0,3,0,0,0,1440U5501_/0050,F,820,840,20
Section,3384.0,3,12,0,0,1440U5501_/0050,F,820,840,20
Section,3385.0,3,0,0,0,1440U5501_/0050,F,820,840,20
Section,3386.0,3,0,0,0,1440U5501_/0050,F,820,840,20
Section,3387.0,3,0,0,0,1440U5501_/0050,F,820,840,20
Section,3388.0,3,0,13,0,1440U5501_/0050,F,820,840,20
Section,3389.0,3,0,0,0,1440U5501_/0050,F,820,840,20
Section,3390.0,3,0,0,0,1440U5501_/0050,F,820,840,20
Section,3391.0,3,0,0,0,1440U5501_/0050,F,820,840,20
Section,3392.0,3,0,0,0,1440U5501_/0050,F,820,840,20
Section,3393.0,3,12,13,0,1440U5501_/0050,F,820,840,20
Section,3394.0,3,0,0,0,1440U5501_/0050,F,820,840,20
Section,3395.0,3,0,0,0,1440U5501_/0050,F,820,840,20
Section,3396.0,3,0,0,0,1440U5501_/0050,F,820,840,20
Section,3397.0,3,0,0,0,1440U5501_/0050,F,820,840,20
Section,3398.0,3,0,0,0,1440U5501_/0050,F,820,840,20
Section,3399.0,3,0,0,0,1440U5501_/0050,F,820,840,20
Section,3400.0,3,0,0,0,1440U5501_/0050,F,820,840,20
Section,3401.0,3,12,0,0,1440U5501_/0050,F,820,840,20
Section,3401.0,3,12,0,0,1440U5501_/0050,F,840,860,20
Section,3402.0,3,0,0,0,1440U5501_/0050,F,840,860,20
Section,3403.0,3,0,13,0,1440U5501_/0050,F,840,860,20
Section,3404.0,3,0,0,0,1440U5501_/0050,F,840,860,20
Section,3405.0,3,0,0,0,1440U5501_/0050,F,840,860,20
Section,3406.0,3,12,0,0,1440U5501_/0050,F,840,860,20
Section,3407.0,3,0,0,0,1440U5501_/0050,F,840,860,20
Section,3408.0,3,0,0,0,1440U5501_/0050,F,840,860,20
Section,3409.0,3,0,13,0,1440U5501_/0050,F,840,860,20
Section,3410.0,3,0,0,0,1440U5501_/0050,F,840,860,20
Section,3411.0,3,0,0,0,1440U5501_/0050,F,840,860,20
Section,3412.0,3,12,0,0,1440U5501_/0050,F,840,860,20
Section,3413.0,3,0,0,0,1440U5501_/0050,F,840,860,20
Section,3414.0,3,0,0,0,1440U5501_/0050,F,840,860,20
Section,3415.0,3,0,0,0,1440U5501_/0050,F,840,860,20
Section,3416.0,3,0,0,0,1440U5501_/0050,F,840,860,20
Section,3417.0,3,12,0,0,1440U5501_/0050,F,840,860,20
Section,3418.0,3,0,0,13,1440U5501_/0050,F,840,860,20
Section,3419.0,3,0,0,0,1440U5501_/0050,F,840,860,20
Section,3420.0,3,0,0,0,1440U5501_/0050,F,840,860,20
Section,3421.0,3,0,0,0,1440U5501_/0050,F,840,860,20
Section,3421.0,3,0,0,0,1440U5501_/0050,F,860,880,20
Section,3422.0,3,0,0,0,1440U5501_/0050,F,860,880,20
Section,3423.0,3,0,0,0,1440U5501_/0050,F,860,880,20
Section,3424.0,3,0,13,0,1440U5501_/0050,F,860,880,20
Section,3425.0,3,0,0,0,1440U5501_/0050,F,860,880,20
Section,3426.0,3,0,0,0,1440U5501_/0050,F,860,880,20
Section,3427.0,3,0,13,0,1440U5501_/0050,F,860,880,20
Section,3428.0,3,0,0,0,1440U5501_/0050,F,860,880,20
Section,3429.0,3,0,0,0,1440U5501_/0050,F,860,880,20
Section,3430.0,3,0,0,0,1440U5501_/0050,F,860,880,20
Section,3431.0,3,12,0,0,1440U5501_/0050,F,860,880,20
Section,3432.0,3,0,0,0,1440U5501_/0050,F,860,880,20
Section,3433.0,3,0,0,0,1440U5501_/0050,F,860,880,20
Section,3434.0,3,0,0,0,1440U5501_/0050,F,860,880,20
Section,3435.0,3,0,0,0,1440U5501_/0050,F,860,880,20
Section,3436.0,3,0,0,0,1440U5501_/0050,F,860,880,20
Section,3437.0,3,12,0,13,1440U5501_/0050,F,860,880,20
Section,3438.0,3,0,0,0,1440U5501_/0050,F,860,880,20
Section,3439.0,3,0,0,0,1440U5501_/0050,F,860,880,20
Section,3440.0,3,0,0,0,1440U5501_/0050,F,860,880,20
Section,3441.0,3,0,0,0,1440U5501_/0050,F,860,880,20
Section,3441.0,3,0,0,0,1440U5501_/0050,F,880,900,20
Section,3442.0,3,0,0,0,1440U5501_/0050,F,880,900,20
Section,3443.0,3,0,0,0,1440U5501_/0050,F,880,900,20
Section,3444.0,3,0,0,0,1440U5501_/0050,F,880,900,20
Section,3445.0,3,0,0,0,1440U5501_/0050,F,880,900,20
Section,3446.0,3,0,0,0,1440U5501_/0050,F,880,900,20
Section,3447.0,3,0,0,0,1440U5501_/0050,F,880,900,20
Section,3448.0,3,0,0,0,1440U5501_/0050,F,880,900,20
Section,3449.0,3,0,0,0,1440U5501_/0050,F,880,900,20
Section,3450.0,3,0,0,0,1440U5501_/0050,F,880,900,20
Section,3451.0,3,0,0,0,1440U5501_/0050,F,880,900,20
Section,3452.0,3,0,0,0,1440U5501_/0050,F,880,900,20
Section,3453.0,3,0,0,0,1440U5501_/0050,F,880,900,20
Section,3454.0,3,0,0,0,1440U5501_/0050,F,880,900,20
Section,3455.0,3,0,0,0,1440U5501_/0050,F,880,900,20
Section,3456.0,3,0,0,0,1440U5501_/0050,F,880,900,20
Section,3457.0,3,0,0,0,1440U5501_/0050,F,880,900,20
Section,3458.0,3,0,0,0,1440U5501_/0050,F,880,900,20
Section,3459.0,3,0,0,0,1440U5501_/0050,F,880,900,20
Section,3460.0,3,0,0,0,1440U5501_/0050,F,880,900,20
Section,3461.0,3,0,0,0,1440U5501_/0050,F,880,900,20
Section,3461.0,3,0,0,0,1440U5501_/0050,F,900,920,20
Section,3462.0,3,0,0,0,1440U5501_/0050,F,900,920,20
Section,3463.0,3,0,0,0,1440U5501_/0050,F,900,920,20
Section,3464.0,3,0,0,0,1440U5501_/0050,F,900,920,20
Section,3465.0,3,0,0,0,1440U5501_/0050,F,900,920,20
Section,3466.0,3,0,0,0,1440U5501_/0050,F,900,920,20
Section,3467.0,3,0,0,0,1440U5501_/0050,F,900,920,20
Section,3468.0,3,0,0,0,1440U5501_/0050,F,900,920,20
Section,3469.0,3,0,0,0,1440U5501_/0050,F,900,920,20
Section,3470.0,3,0,0,0,1440U5501_/0050,F,900,920,20
Section,3471.0,3,0,0,0,1440U5501_/0050,F,900,920,20
Section,3472.0,3,0,0,0,1440U5501_/0050,F,900,920,20
Section,3473.0,3,0,0,0,1440U5501_/0050,F,900,920,20
Section,3474.0,3,0,0,0,1440U5501_/0050,F,900,920,20
Section,3475.0,3,0,0,0,1440U5501_/0050,F,900,920,20
Section,3476.0,3,0,0,0,1440U5501_/0050,F,900,920,20
Section,3477.0,3,0,0,0,1440U5501_/0050,F,900,920,20
Section,3478.0,3,0,0,0,1440U5501_/0050,F,900,920,20
Section,3479.0,3,0,0,0,1440U5501_/0050,F,900,920,20
Section,3480.0,0,0,0,0,1440U5501_/0050,F,900,920,20
Section,3481.0,0,0,0,0,1440U5501_/0050,F,900,920,20
Section,3481.0,0,0,0,0,1440U5501_/0050,F,920,940,20
Section,3482.0,0,0,0,0,1440U5501_/0050,F,920,940,20
Section,3483.0,0,0,0,0,1440U5501_/0050,F,920,940,20
Section,3484.0,0,0,0,0,1440U5501_/0050,F,920,940,20
Section,3485.0,0,0,0,0,1440U5501_/0050,F,920,940,20
Section,3486.0,0,0,0,0,1440U5501_/0050,F,920,940,20
Section,3487.0,0,0,0,0,1440U5501_/0050,F,920,940,20
Section,3488.0,0,0,0,0,1440U5501_/0050,F,920,940,20
Section,3489.0,0,0,0,0,1440U5501_/0050,F,920,940,20
Section,3490.0,0,0,0,0,1440U5501_/0050,F,920,940,20
Section,3491.0,0,0,0,0,1440U5501_/0050,F,920,940,20
Section,3492.0,0,0,0,0,1440U5501_/0050,F,920,940,20
Section,3493.0,0,0,0,0,1440U5501_/0050,F,920,940,20
Section,3494.0,0,0,0,0,1440U5501_/0050,F,920,940,20
Section,3495.0,0,0,0,0,1440U5501_/0050,F,920,940,20
Section,3496.0,0,0,0,0,1440U5501_/0050,F,920,940,20
Section,3497.0,0,0,0,0,1440U5501_/0050,F,920,940,20
Section,3498.0,0,0,0,0,1440U5501_/0050,F,920,940,20
Section,3499.0,0,0,0,0,1440U5501_/0050,F,920,940,20
Section,3500.0,0,0,0,0,1440U5501_/0050,F,920,940,20
Section,3501.0,0,0,0,0,1440U5501_/0050,F,920,940,20
Section,3501.0,0,0,0,0,1440U5501_/0050,F,940,960,20
Section,3502.0,0,0,0,0,1440U5501_/0050,F,940,960,20
Section,3503.0,0,0,0,0,1440U5501_/0050,F,940,960,20
Section,3504.0,0,0,0,0,1440U5501_/0050,F,940,960,20
Section,3505.0,0,0,0,0,1440U5501_/0050,F,940,960,20
Section,3506.0,0,0,0,0,1440U5501_/0050,F,940,960,20
Section,3507.0,0,0,0,0,1440U5501_/0050,F,940,960,20
Section,3508.0,0,0,0,0,1440U5501_/0050,F,940,960,20
Section,3509.0,0,0,0,0,1440U5501_/0050,F,940,960,20
Section,3510.0,0,0,0,0,1440U5501_/0050,F,940,960,20
Section,3511.0,0,0,0,0,1440U5501_/0050,F,940,960,20
Section,3512.0,0,0,0,0,1440U5501_/0050,F,940,960,20
Section,3513.0,0,0,0,0,1440U5501_/0050,F,940,960,20
Section,3514.0,0,0,0,0,1440U5501_/0050,F,940,960,20
Section,3515.0,0,0,0,0,1440U5501_/0050,F,940,960,20
Section,3516.0,0,0,0,0,1440U5501_/0050,F,940,960,20
Section,3517.0,0,0,0,0,1440U5501_/0050,F,940,960,20
Section,3518.0,0,0,0,0,1440U5501_/0050,F,940,960,20
Section,3519.0,0,0,0,0,1440U5501_/0050,F,940,960,20
Section,3520.0,0,0,0,0,1440U5501_/0050,F,940,960,20
Section,3521.0,0,0,0,0,1440U5501_/0050,F,940,960,20
Section,3521.0,0,0,0,0,1440U5501_/0050,F,960,964,4
Section,3522.0,0,0,0,0,1440U5501_/0050,F,960,964,4
Section,3523.0,0,0,0,0,1440U5501_/0050,F,960,964,4
Section,3524.0,0,0,0,0,1440U5501_/0050,F,960,964,4
Section,3525.0,0,0,0,0,1440U5501_/0050,F,960,964,4
Section,3563.0,0,0,0,0,1440U5501_/0210,R,0,20,20
Section,3564.0,0,0,0,0,1440U5501_/0210,R,0,20,20
Section,3565.0,0,12,13,3,1440U5501_/0210,R,0,20,20
Section,3566.0,0,0,0,3,1440U5501_/0210,R,0,20,20
Section,3567.0,0,0,0,3,1440U5501_/0210,R,0,20,20
Section,3568.0,0,0,0,3,1440U5501_/0210,R,0,20,20
Section,3569.0,0,0,0,3,1440U5501_/0210,R,0,20,20
Section,3570.0,0,0,0,3,1440U5501_/0210,R,0,20,20
Section,3571.0,0,0,0,3,1440U5501_/0210,R,0,20,20
Section,3572.0,0,12,13,3,1440U5501_/0210,R,0,20,20
Section,3573.0,0,0,0,3,1440U5501_/0210,R,0,20,20
Section,3574.0,0,0,0,3,1440U5501_/0210,R,0,20,20
Section,3575.0,0,0,0,3,1440U5501_/0210,R,0,20,20
Section,3576.0,0,0,0,3,1440U5501_/0210,R,0,20,20
Section,3577.0,0,0,0,3,1440U5501_/0210,R,0,20,20
Section,3578.0,0,0,0,3,1440U5501_/0210,R,0,20,20
Section,3579.0,0,0,0,3,1440U5501_/0210,R,0,20,20
Section,3580.0,0,12,13,3,1440U5501_/0210,R,0,20,20
Section,3581.0,0,0,0,3,1440U5501_/0210,R,0,20,20
Section,3582.0,0,0,0,3,1440U5501_/0210,R,0,20,20
Section,3583.0,0,0,0,3,1440U5501_/0210,R,0,20,20
Section,3583.0,0,0,0,3,1440U5501_/0210,R,20,40,20
Section,3584.0,0,0,0,3,1440U5501_/0210,R,20,40,20
Section,3585.0,0,0,0,3,1440U5501_/0210,R,20,40,20
Section,3586.0,0,0,0,3,1440U5501_/0210,R,20,40,20
Section,3587.0,0,12,13,3,1440U5501_/0210,R,20,40,20
Section,3588.0,0,0,0,3,1440U5501_/0210,R,20,40,20
Section,3589.0,0,0,0,3,1440U5501_/0210,R,20,40,20
Section,3590.0,0,0,0,3,1440U5501_/0210,R,20,40,20
Section,3591.0,0,0,0,3,1440U5501_/0210,R,20,40,20
Section,3592.0,0,0,0,3,1440U5501_/0210,R,20,40,20
Section,3593.0,0,0,0,3,1440U5501_/0210,R,20,40,20
Section,3594.0,0,0,0,3,1440U5501_/0210,R,20,40,20
Section,3595.0,0,0,0,3,1440U5501_/0210,R,20,40,20
Section,3596.0,0,0,0,3,1440U5501_/0210,R,20,40,20
Section,3597.0,0,12,0,3,1440U5501_/0210,R,20,40,20
Section,3598.0,0,0,13,3,1440U5501_/0210,R,20,40,20
Section,3599.0,0,0,0,3,1440U5501_/0210,R,20,40,20
Section,3600.0,0,0,0,3,1440U5501_/0210,R,20,40,20
Section,3601.0,0,0,0,3,1440U5501_/0210,R,20,40,20
Section,3602.0,0,12,13,3,1440U5501_/0210,R,20,40,20
Section,3603.0,0,0,0,3,1440U5501_/0210,R,20,40,20
Section,3603.0,0,0,0,3,1440U5501_/0210,R,40,60,20
Section,3604.0,0,0,0,3,1440U5501_/0210,R,40,60,20
Section,3605.0,0,0,0,3,1440U5501_/0210,R,40,60,20
Section,3606.0,0,0,0,3,1440U5501_/0210,R,40,60,20
Section,3607.0,0,0,0,3,1440U5501_/0210,R,40,60,20
Section,3608.0,0,0,0,3,1440U5501_/0210,R,40,60,20
Section,3609.0,0,0,0,3,1440U5501_/0210,R,40,60,20
Section,3610.0,0,0,0,3,1440U5501_/0210,R,40,60,20
Section,3611.0,0,12,13,3,1440U5501_/0210,R,40,60,20
Section,3612.0,0,0,0,3,1440U5501_/0210,R,40,60,20
Section,3613.0,0,0,0,3,1440U5501_/0210,R,40,60,20
Section,3614.0,0,0,0,3,1440U5501_/0210,R,40,60,20
Section,3615.0,0,0,0,3,1440U5501_/0210,R,40,60,20
Section,3616.0,0,0,0,3,1440U5501_/0210,R,40,60,20
Section,3617.0,0,12,13,3,1440U5501_/0210,R,40,60,20
Section,3618.0,0,0,0,3,1440U5501_/0210,R,40,60,20
Section,3619.0,0,0,0,3,1440U5501_/0210,R,40,60,20
Section,3620.0,0,0,0,3,1440U5501_/0210,R,40,60,20
Section,3621.0,0,0,0,3,1440U5501_/0210,R,40,60,20
Section,3622.0,0,0,0,3,1440U5501_/0210,R,40,60,20
Section,3623.0,0,0,0,3,1440U5501_/0210,R,40,60,20
Section,3623.0,0,0,0,3,1440U5501_/0210,R,60,80,20
Section,3624.0,0,0,0,3,1440U5501_/0210,R,60,80,20
Section,3625.0,0,0,0,3,1440U5501_/0210,R,60,80,20
Section,3626.0,13,0,12,3,1440U5501_/0210,R,60,80,20
Section,3627.0,0,0,0,3,1440U5501_/0210,R,60,80,20
Section,3628.0,0,0,0,3,1440U5501_/0210,R,60,80,20
Section,3629.0,0,0,0,3,1440U5501_/0210,R,60,80,20
Section,3630.0,0,0,0,3,1440U5501_/0210,R,60,80,20
Section,3631.0,0,0,0,3,1440U5501_/0210,R,60,80,20
Section,3632.0,0,0,12,3,1440U5501_/0210,R,60,80,20
Section,3633.0,0,13,0,3,1440U5501_/0210,R,60,80,20
Section,3634.0,0,0,0,3,1440U5501_/0210,R,60,80,20
Section,3635.0,0,0,0,3,1440U5501_/0210,R,60,80,20
Section,3636.0,0,0,0,3,1440U5501_/0210,R,60,80,20
Section,3637.0,0,0,0,3,1440U5501_/0210,R,60,80,20
Section,3638.0,0,0,0,3,1440U5501_/0210,R,60,80,20
Section,3639.0,0,0,0,3,1440U5501_/0210,R,60,80,20
Section,3640.0,0,0,0,3,1440U5501_/0210,R,60,80,20
Section,3641.0,0,12,13,3,1440U5501_/0210,R,60,80,20
Section,3642.0,0,0,0,3,1440U5501_/0210,R,60,80,20
Section,3643.0,0,0,0,3,1440U5501_/0210,R,60,80,20
Section,3643.0,0,0,0,3,1440U5501_/0210,R,80,100,20
Section,3644.0,0,0,0,3,1440U5501_/0210,R,80,100,20
Section,3645.0,0,0,0,3,1440U5501_/0210,R,80,100,20
Section,3646.0,0,0,0,3,1440U5501_/0210,R,80,100,20
Section,3647.0,0,12,13,3,1440U5501_/0210,R,80,100,20
Section,3648.0,0,0,0,3,1440U5501_/0210,R,80,100,20
Section,3649.0,0,0,0,3,1440U5501_/0210,R,80,100,20
Section,3650.0,0,0,0,3,1440U5501_/0210,R,80,100,20
Section,3651.0,0,0,0,3,1440U5501_/0210,R,80,100,20
Section,3652.0,0,0,0,3,1440U5501_/0210,R,80,100,20
Section,3653.0,0,0,0,3,1440U5501_/0210,R,80,100,20
Section,3654.0,0,0,0,3,1440U5501_/0210,R,80,100,20
Section,3655.0,0,12,13,3,1440U5501_/0210,R,80,100,20
Section,3656.0,0,0,0,3,1440U5501_/0210,R,80,100,20
Section,3657.0,0,0,0,3,1440U5501_/0210,R,80,100,20
Section,3658.0,0,0,0,3,1440U5501_/0210,R,80,100,20
Section,3659.0,0,0,0,3,1440U5501_/0210,R,80,100,20
Section,3660.0,0,0,0,3,1440U5501_/0210,R,80,100,20
Section,3661.0,0,0,0,3,1440U5501_/0210,R,80,100,20
Section,3662.0,0,0,0,3,1440U5501_/0210,R,80,100,20
Section,3663.0,0,12,13,3,1440U5501_/0210,R,80,100,20
Section,3663.0,0,12,13,3,1440U5501_/0210,R,100,120,20
Section,3664.0,0,0,0,3,1440U5501_/0210,R,100,120,20
Section,3665.0,5,5,5,5,1440U5501_/0210,R,100,120,20
Section,3666.0,5,5,5,5,1440U5501_/0210,R,100,120,20
Section,3667.0,0,0,0,3,1440U5501_/0210,R,100,120,20
Section,3668.0,0,0,0,3,1440U5501_/0210,R,100,120,20
Section,3669.0,0,0,0,3,1440U5501_/0210,R,100,120,20
Section,3670.0,0,0,0,3,1440U5501_/0210,R,100,120,20
Section,3671.0,13,0,12,3,1440U5501_/0210,R,100,120,20
Section,3672.0,0,0,0,3,1440U5501_/0210,R,100,120,20
Section,3673.0,0,0,0,3,1440U5501_/0210,R,100,120,20
Section,3674.0,0,0,0,3,1440U5501_/0210,R,100,120,20
Section,3675.0,0,0,0,3,1440U5501_/0210,R,100,120,20
Section,3676.0,0,0,0,3,1440U5501_/0210,R,100,120,20
Section,3677.0,0,12,13,3,1440U5501_/0210,R,100,120,20
Section,3678.0,0,0,0,3,1440U5501_/0210,R,100,120,20
Section,3679.0,0,0,0,3,1440U5501_/0210,R,100,120,20
Section,3680.0,0,0,0,3,1440U5501_/0210,R,100,120,20
Section,3681.0,0,0,0,3,1440U5501_/0210,R,100,120,20
Section,3682.0,0,0,0,3,1440U5501_/0210,R,100,120,20
Section,3683.0,0,0,0,3,1440U5501_/0210,R,100,120,20
Section,3683.0,0,0,0,3,1440U5501_/0210,R,120,140,20
Section,3684.0,0,0,0,3,1440U5501_/0210,R,120,140,20
Section,3685.0,0,0,0,3,1440U5501_/0210,R,120,140,20
Section,3686.0,0,0,0,3,1440U5501_/0210,R,120,140,20
Section,3687.0,0,0,0,3,1440U5501_/0210,R,120,140,20
Section,3688.0,0,0,0,3,1440U5501_/0210,R,120,140,20
Section,3689.0,0,0,0,3,1440U5501_/0210,R,120,140,20
Section,3690.0,12,13,0,3,1440U5501_/0210,R,120,140,20
Section,3691.0,0,0,0,3,1440U5501_/0210,R,120,140,20
Section,3692.0,0,0,0,3,1440U5501_/0210,R,120,140,20
Section,3693.0,0,0,0,3,1440U5501_/0210,R,120,140,20
Section,3694.0,0,0,0,3,1440U5501_/0210,R,120,140,20
Section,3695.0,0,0,0,3,1440U5501_/0210,R,120,140,20
Section,3696.0,0,0,0,3,1440U5501_/0210,R,120,140,20
Section,3697.0,0,0,0,3,1440U5501_/0210,R,120,140,20
Section,3698.0,0,0,0,3,1440U5501_/0210,R,120,140,20
Section,3699.0,0,0,0,3,1440U5501_/0210,R,120,140,20
Section,3700.0,0,0,0,3,1440U5501_/0210,R,120,140,20
Section,3701.0,12,13,0,3,1440U5501_/0210,R,120,140,20
Section,3702.0,0,0,0,3,1440U5501_/0210,R,120,140,20
Section,3703.0,0,0,0,3,1440U5501_/0210,R,120,140,20
Section,3703.0,0,0,0,3,1440U5501_/0210,R,140,160,20
Section,3704.0,0,0,0,3,1440U5501_/0210,R,140,160,20
Section,3705.0,0,0,0,3,1440U5501_/0210,R,140,160,20
Section,3706.0,0,0,0,3,1440U5501_/0210,R,140,160,20
Section,3707.0,12,0,13,3,1440U5501_/0210,R,140,160,20
Section,3708.0,0,0,0,3,1440U5501_/0210,R,140,160,20
Section,3709.0,0,0,0,3,1440U5501_/0210,R,140,160,20
Section,3710.0,0,0,0,3,1440U5501_/0210,R,140,160,20
Section,3711.0,0,0,0,3,1440U5501_/0210,R,140,160,20
Section,3712.0,0,0,0,3,1440U5501_/0210,R,140,160,20
Section,3713.0,0,0,0,3,1440U5501_/0210,R,140,160,20
Section,3714.0,0,0,0,3,1440U5501_/0210,R,140,160,20
Section,3715.0,0,0,0,3,1440U5501_/0210,R,140,160,20
Section,3716.0,0,0,0,3,1440U5501_/0210,R,140,160,20
Section,3717.0,4,4,4,4,1440U5501_/0210,R,140,160,20
Section,3718.0,0,0,0,3,1440U5501_/0210,R,140,160,20
Section,3719.0,0,0,0,3,1440U5501_/0210,R,140,160,20
Section,3720.0,0,0,0,3,1440U5501_/0210,R,140,160,20
Section,3721.0,0,0,0,3,1440U5501_/0210,R,140,160,20
Section,3722.0,0,0,0,3,1440U5501_/0210,R,140,160,20
Section,3723.0,0,0,0,3,1440U5501_/0210,R,140,160,20
Section,3723.0,0,0,0,3,1440U5501_/0210,R,160,176,16
Section,3724.0,0,0,0,3,1440U5501_/0210,R,160,176,16
Section,3725.0,3,3,3,3,1440U5501_/0210,R,160,176,16
Section,3726.0,3,3,3,3,1440U5501_/0210,R,160,176,16
Section,3727.0,0,0,0,3,1440U5501_/0210,R,160,176,16
Section,3728.0,0,0,0,3,1440U5501_/0210,R,160,176,16
Section,3729.0,0,0,0,3,1440U5501_/0210,R,160,176,16
Section,3730.0,0,0,0,3,1440U5501_/0210,R,160,176,16
Section,3731.0,0,0,0,3,1440U5501_/0210,R,160,176,16
Section,3732.0,0,0,0,3,1440U5501_/0210,R,160,176,16
Section,3733.0,0,0,0,3,1440U5501_/0210,R,160,176,16
Section,3734.0,0,0,0,3,1440U5501_/0210,R,160,176,16
Section,3735.0,0,0,0,3,1440U5501_/0210,R,160,176,16
Section,3736.0,0,0,0,3,1440U5501_/0210,R,160,176,16
Section,3737.0,0,0,0,0,1440U5501_/0210,R,160,176,16
Section,3738.0,0,0,0,0,1440U5501_/0210,R,160,176,16
Section,3739.0,0,0,0,0,1440U5501_/0210,R,160,176,16
Section,4073.0,0,0,0,0,1440U5501_/0010,F,0,20,20
Section,4074.0,0,0,0,0,1440U5501_/0010,F,0,20,20
Section,4075.0,0,0,0,0,1440U5501_/0010,F,0,20,20
Section,4076.0,0,0,0,0,1440U5501_/0010,F,0,20,20
Section,4077.0,0,0,0,0,1440U5501_/0010,F,0,20,20
Section,4078.0,5,5,5,5,1440U5501_/0010,F,0,20,20
Section,4079.0,0,0,0,0,1440U5501_/0010,F,0,20,20
Section,4080.0,0,0,0,0,1440U5501_/0010,F,0,20,20
Section,4081.0,0,0,0,0,1440U5501_/0010,F,0,20,20
Section,4082.0,0,0,0,0,1440U5501_/0010,F,0,20,20
Section,4083.0,0,0,0,0,1440U5501_/0010,F,0,20,20
Section,4084.0,0,0,0,0,1440U5501_/0010,F,0,20,20
Section,4085.0,0,0,0,0,1440U5501_/0010,F,0,20,20
Section,4086.0,5,5,5,0,1440U5501_/0010,F,0,20,20
Section,4087.0,5,5,5,0,1440U5501_/0010,F,0,20,20
Section,4088.0,5,5,5,0,1440U5501_/0010,F,0,20,20
Section,4089.0,0,0,0,0,1440U5501_/0010,F,0,20,20
Section,4090.0,0,0,0,0,1440U5501_/0010,F,0,20,20
Section,4091.0,0,0,0,0,1440U5501_/0010,F,0,20,20
Section,4092.0,0,0,0,0,1440U5501_/0010,F,0,20,20
Section,4093.0,0,0,0,0,1440U5501_/0010,F,0,20,20
Section,4093.0,0,0,0,0,1440U5501_/0010,F,20,40,20
Section,4094.0,0,0,0,0,1440U5501_/0010,F,20,40,20
Section,4095.0,0,0,0,0,1440U5501_/0010,F,20,40,20
Section,4096.0,0,0,0,0,1440U5501_/0010,F,20,40,20
Section,4097.0,0,0,0,0,1440U5501_/0010,F,20,40,20
Section,4098.0,0,0,0,0,1440U5501_/0010,F,20,40,20
Section,4099.0,0,0,0,0,1440U5501_/0010,F,20,40,20
Section,4100.0,0,0,0,0,1440U5501_/0010,F,20,40,20
Section,4101.0,0,0,0,0,1440U5501_/0010,F,20,40,20
Section,4102.0,0,0,0,0,1440U5501_/0010,F,20,40,20
Section,4103.0,0,0,0,0,1440U5501_/0010,F,20,40,20
Section,4104.0,0,0,0,0,1440U5501_/0010,F,20,40,20
Section,4105.0,0,0,0,0,1440U5501_/0010,F,20,40,20
Section,4106.0,0,0,0,0,1440U5501_/0010,F,20,40,20
Section,4107.0,0,0,0,0,1440U5501_/0010,F,20,40,20
Section,4108.0,0,0,0,0,1440U5501_/0010,F,20,40,20
Section,4109.0,0,0,0,0,1440U5501_/0010,F,20,40,20
Section,4110.0,0,0,0,0,1440U5501_/0010,F,20,40,20
Section,4111.0,0,0,0,0,1440U5501_/0010,F,20,40,20
Section,4112.0,0,0,0,0,1440U5501_/0010,F,20,40,20
Section,4113.0,0,0,0,0,1440U5501_/0010,F,20,40,20
Section,4113.0,0,0,0,0,1440U5501_/0010,F,40,60,20
Section,4114.0,0,0,0,0,1440U5501_/0010,F,40,60,20
Section,4115.0,0,0,0,0,1440U5501_/0010,F,40,60,20
Section,4116.0,0,0,0,0,1440U5501_/0010,F,40,60,20
Section,4117.0,0,0,0,0,1440U5501_/0010,F,40,60,20
Section,4118.0,0,0,0,0,1440U5501_/0010,F,40,60,20
Section,4119.0,0,0,0,0,1440U5501_/0010,F,40,60,20
Section,4120.0,0,0,0,0,1440U5501_/0010,F,40,60,20
Section,4121.0,0,0,0,0,1440U5501_/0010,F,40,60,20
Section,4122.0,0,0,0,0,1440U5501_/0010,F,40,60,20
Section,4123.0,0,0,0,0,1440U5501_/0010,F,40,60,20
Section,4124.0,0,0,0,0,1440U5501_/0010,F,40,60,20
Section,4125.0,0,0,0,0,1440U5501_/0010,F,40,60,20
Section,4126.0,0,0,0,0,1440U5501_/0010,F,40,60,20
Section,4127.0,0,0,0,0,1440U5501_/0010,F,40,60,20
Section,4128.0,0,0,0,0,1440U5501_/0010,F,40,60,20
Section,4129.0,0,0,0,0,1440U5501_/0010,F,40,60,20
Section,4130.0,0,0,0,0,1440U5501_/0010,F,40,60,20
Section,4131.0,0,0,0,0,1440U5501_/0010,F,40,60,20
Section,4132.0,0,0,0,0,1440U5501_/0010,F,40,60,20
Section,4133.0,5,5,5,5,1440U5501_/0010,F,40,60,20
Section,4133.0,5,5,5,5,1440U5501_/0010,F,60,80,20
Section,4134.0,0,0,0,0,1440U5501_/0010,F,60,80,20
Section,4135.0,0,0,0,0,1440U5501_/0010,F,60,80,20
Section,4136.0,0,0,0,0,1440U5501_/0010,F,60,80,20
Section,4137.0,0,0,0,0,1440U5501_/0010,F,60,80,20
Section,4138.0,0,0,0,0,1440U5501_/0010,F,60,80,20
Section,4139.0,0,0,0,0,1440U5501_/0010,F,60,80,20
Section,4140.0,0,0,0,0,1440U5501_/0010,F,60,80,20
Section,4141.0,0,0,0,0,1440U5501_/0010,F,60,80,20
Section,4142.0,0,0,0,0,1440U5501_/0010,F,60,80,20
Section,4143.0,0,0,0,0,1440U5501_/0010,F,60,80,20
Section,4144.0,0,0,0,0,1440U5501_/0010,F,60,80,20
Section,4145.0,0,0,0,0,1440U5501_/0010,F,60,80,20
Section,4146.0,0,0,0,0,1440U5501_/0010,F,60,80,20
Section,4147.0,0,0,0,0,1440U5501_/0010,F,60,80,20
Section,4148.0,0,0,0,0,1440U5501_/0010,F,60,80,20
Section,4149.0,0,0,0,0,1440U5501_/0010,F,60,80,20
Section,4150.0,0,0,0,0,1440U5501_/0010,F,60,80,20
Section,4151.0,0,0,0,0,1440U5501_/0010,F,60,80,20
Section,4152.0,0,0,0,0,1440U5501_/0010,F,60,80,20
Section,4153.0,0,0,0,0,1440U5501_/0010,F,60,80,20
Section,4153.0,0,0,0,0,1440U5501_/0010,F,80,100,20
Section,4154.0,0,0,0,0,1440U5501_/0010,F,80,100,20
Section,4155.0,0,0,0,0,1440U5501_/0010,F,80,100,20
Section,4156.0,0,0,0,0,1440U5501_/0010,F,80,100,20
Section,4157.0,0,0,0,0,1440U5501_/0010,F,80,100,20
Section,4158.0,0,0,0,0,1440U5501_/0010,F,80,100,20
Section,4159.0,0,0,0,0,1440U5501_/0010,F,80,100,20
Section,4160.0,0,0,0,0,1440U5501_/0010,F,80,100,20
Section,4161.0,0,0,0,0,1440U5501_/0010,F,80,100,20
Section,4162.0,0,0,0,0,1440U5501_/0010,F,80,100,20
Section,4163.0,0,0,0,0,1440U5501_/0010,F,80,100,20
Section,4164.0,0,0,0,0,1440U5501_/0010,F,80,100,20
Section,4165.0,0,0,0,0,1440U5501_/0010,F,80,100,20
Section,4166.0,0,0,0,0,1440U5501_/0010,F,80,100,20
Section,4167.0,0,0,0,0,1440U5501_/0010,F,80,100,20
Section,4168.0,0,0,7,0,1440U5501_/0010,F,80,100,20
Section,4169.0,0,0,7,0,1440U5501_/0010,F,80,100,20
Section,4170.0,0,0,7,0,1440U5501_/0010,F,80,100,20
Section,4171.0,0,0,7,0,1440U5501_/0010,F,80,100,20
Section,4172.0,0,0,7,0,1440U5501_/0010,F,80,100,20
Section,4173.0,0,0,7,0,1440U5501_/0010,F,80,100,20
Section,4173.0,0,0,7,0,1440U5501_/0010,F,100,120,20
Section,4174.0,0,0,7,0,1440U5501_/0010,F,100,120,20
Section,4175.0,0,0,7,0,1440U5501_/0010,F,100,120,20
Section,4176.0,0,0,7,0,1440U5501_/0010,F,100,120,20
Section,4177.0,0,0,7,0,1440U5501_/0010,F,100,120,20
Section,4178.0,0,0,7,0,1440U5501_/0010,F,100,120,20
Section,4179.0,0,0,7,0,1440U5501_/0010,F,100,120,20
Section,4180.0,0,0,7,0,1440U5501_/0010,F,100,120,20
Section,4181.0,0,0,7,0,1440U5501_/0010,F,100,120,20
Section,4182.0,0,0,7,0,1440U5501_/0010,F,100,120,20
Section,4183.0,0,0,7,0,1440U5501_/0010,F,100,120,20
Section,4184.0,0,0,7,0,1440U5501_/0010,F,100,120,20
Section,4185.0,0,0,7,0,1440U5501_/0010,F,100,120,20
Section,4186.0,0,0,7,0,1440U5501_/0010,F,100,120,20
Section,4187.0,0,0,7,0,1440U5501_/0010,F,100,120,20
Section,4188.0,0,0,7,0,1440U5501_/0010,F,100,120,20
Section,4189.0,0,0,7,0,1440U5501_/0010,F,100,120,20
Section,4190.0,0,0,7,0,1440U5501_/0010,F,100,120,20
Section,4191.0,0,0,7,0,1440U5501_/0010,F,100,120,20
Section,4192.0,0,0,7,0,1440U5501_/0010,F,100,120,20
Section,4193.0,0,0,7,0,1440U5501_/0010,F,100,120,20
Section,4193.0,0,0,7,0,1440U5501_/0010,F,120,140,20
Section,4194.0,0,0,7,0,1440U5501_/0010,F,120,140,20
Section,4195.0,0,0,7,0,1440U5501_/0010,F,120,140,20
Section,4196.0,0,0,7,0,1440U5501_/0010,F,120,140,20
Section,4197.0,0,0,7,0,1440U5501_/0010,F,120,140,20
Section,4198.0,0,0,7,0,1440U5501_/0010,F,120,140,20
Section,4199.0,0,0,7,0,1440U5501_/0010,F,120,140,20
Section,4200.0,0,0,7,0,1440U5501_/0010,F,120,140,20
Section,4201.0,0,0,7,0,1440U5501_/0010,F,120,140,20
Section,4202.0,0,0,7,0,1440U5501_/0010,F,120,140,20
Section,4203.0,3,3,7,0,1440U5501_/0010,F,120,140,20
Section,4204.0,3,3,7,0,1440U5501_/0010,F,120,140,20
Section,4205.0,3,3,7,0,1440U5501_/0010,F,120,140,20
Section,4206.0,0,0,7,0,1440U5501_/0010,F,120,140,20
Section,4207.0,0,0,7,0,1440U5501_/0010,F,120,140,20
Section,4208.0,0,0,7,0,1440U5501_/0010,F,120,140,20
Section,4209.0,0,0,7,0,1440U5501_/0010,F,120,140,20
Section,4210.0,0,0,7,0,1440U5501_/0010,F,120,140,20
Section,4211.0,0,0,7,0,1440U5501_/0010,F,120,140,20
Section,4212.0,0,0,7,0,1440U5501_/0010,F,120,140,20
Section,4213.0,0,4,7,0,1440U5501_/0010,F,120,140,20
Section,4213.0,0,4,7,0,1440U5501_/0010,F,140,160,20
Section,4214.0,0,4,7,0,1440U5501_/0010,F,140,160,20
Section,4215.0,0,0,7,0,1440U5501_/0010,F,140,160,20
Section,4216.0,0,0,7,0,1440U5501_/0010,F,140,160,20
Section,4217.0,0,0,7,7,1440U5501_/0010,F,140,160,20
Section,4218.0,0,0,7,7,1440U5501_/0010,F,140,160,20
Section,4219.0,0,0,7,7,1440U5501_/0010,F,140,160,20
Section,4220.0,0,0,7,7,1440U5501_/0010,F,140,160,20
Section,4221.0,0,3,7,7,1440U5501_/0010,F,140,160,20
Section,4222.0,0,3,7,7,1440U5501_/0010,F,140,160,20
Section,4223.0,0,3,7,7,1440U5501_/0010,F,140,160,20
Section,4224.0,0,3,0,0,1440U5501_/0010,F,140,160,20
Section,4225.0,0,5,5,0,1440U5501_/0010,F,140,160,20
Section,4226.0,0,5,5,0,1440U5501_/0010,F,140,160,20
Section,4227.0,0,5,5,0,1440U5501_/0010,F,140,160,20
Section,4228.0,0,5,5,0,1440U5501_/0010,F,140,160,20
Section,4229.0,0,5,5,0,1440U5501_/0010,F,140,160,20
Section,4230.0,0,5,5,0,1440U5501_/0010,F,140,160,20
Section,4231.0,0,5,5,0,1440U5501_/0010,F,140,160,20
Section,4232.0,0,0,0,0,1440U5501_/0010,F,140,160,20
Section,4233.0,0,0,0,0,1440U5501_/0010,F,140,160,20
Section,4233.0,0,0,0,0,1440U5501_/0010,F,160,180,20
Section,4234.0,0,0,0,0,1440U5501_/0010,F,160,180,20
Section,4235.0,3,3,0,0,1440U5501_/0010,F,160,180,20
Section,4236.0,3,3,0,0,1440U5501_/0010,F,160,180,20
Section,4237.0,3,3,0,0,1440U5501_/0010,F,160,180,20
Section,4238.0,3,3,0,0,1440U5501_/0010,F,160,180,20
Section,4239.0,0,0,0,0,1440U5501_/0010,F,160,180,20
Section,4240.0,0,3,0,0,1440U5501_/0010,F,160,180,20
Section,4241.0,0,3,0,0,1440U5501_/0010,F,160,180,20
Section,4242.0,0,3,0,0,1440U5501_/0010,F,160,180,20
Section,4243.0,0,3,0,0,1440U5501_/0010,F,160,180,20
Section,4244.0,3,3,3,0,1440U5501_/0010,F,160,180,20
Section,4245.0,3,3,3,0,1440U5501_/0010,F,160,180,20
Section,4246.0,3,3,3,0,1440U5501_/0010,F,160,180,20
Section,4247.0,3,3,3,0,1440U5501_/0010,F,160,180,20
Section,4248.0,3,3,3,0,1440U5501_/0010,F,160,180,20
Section,4249.0,0,0,0,0,1440U5501_/0010,F,160,180,20
Section,4250.0,0,0,0,0,1440U5501_/0010,F,160,180,20
Section,4251.0,0,0,0,0,1440U5501_/0010,F,160,180,20
Section,4252.0,0,0,0,0,1440U5501_/0010,F,160,180,20
Section,4253.0,0,0,0,0,1440U5501_/0010,F,160,180,20
Section,4253.0,0,0,0,0,1440U5501_/0010,F,180,200,20
Section,4254.0,0,0,0,0,1440U5501_/0010,F,180,200,20
Section,4255.0,0,0,0,0,1440U5501_/0010,F,180,200,20
Section,4256.0,0,0,0,0,1440U5501_/0010,F,180,200,20
Section,4257.0,0,0,0,0,1440U5501_/0010,F,180,200,20
Section,4258.0,0,0,0,0,1440U5501_/0010,F,180,200,20
Section,4259.0,0,0,0,0,1440U5501_/0010,F,180,200,20
Section,4260.0,0,0,0,0,1440U5501_/0010,F,180,200,20
Section,4261.0,0,0,0,0,1440U5501_/0010,F,180,200,20
Section,4262.0,0,0,0,0,1440U5501_/0010,F,180,200,20
Section,4263.0,0,0,0,0,1440U5501_/0010,F,180,200,20
Section,4264.0,0,0,0,0,1440U5501_/0010,F,180,200,20
Section,4265.0,0,0,0,0,1440U5501_/0010,F,180,200,20
Section,4266.0,0,0,0,0,1440U5501_/0010,F,180,200,20
Section,4267.0,0,0,0,0,1440U5501_/0010,F,180,200,20
Section,4268.0,0,0,0,0,1440U5501_/0010,F,180,200,20
Section,4269.0,0,0,0,0,1440U5501_/0010,F,180,200,20
Section,4270.0,0,0,0,0,1440U5501_/0010,F,180,200,20
Section,4271.0,0,0,0,0,1440U5501_/0010,F,180,200,20
Section,4272.0,0,0,0,0,1440U5501_/0010,F,180,200,20
Section,4273.0,0,0,0,0,1440U5501_/0010,F,180,200,20
Section,4273.0,0,0,0,0,1440U5501_/0010,F,200,220,20
Section,4274.0,0,0,0,0,1440U5501_/0010,F,200,220,20
Section,4275.0,0,0,0,0,1440U5501_/0010,F,200,220,20
Section,4276.0,0,3,0,0,1440U5501_/0010,F,200,220,20
Section,4277.0,0,3,0,0,1440U5501_/0010,F,200,220,20
Section,4278.0,0,3,0,0,1440U5501_/0010,F,200,220,20
Section,4279.0,0,0,0,0,1440U5501_/0010,F,200,220,20
Section,4280.0,0,0,0,0,1440U5501_/0010,F,200,220,20
Section,4281.0,0,0,0,0,1440U5501_/0010,F,200,220,20
Section,4282.0,0,0,0,0,1440U5501_/0010,F,200,220,20
Section,4283.0,0,0,0,0,1440U5501_/0010,F,200,220,20
Section,4284.0,0,0,0,0,1440U5501_/0010,F,200,220,20
Section,4285.0,0,0,0,0,1440U5501_/0010,F,200,220,20
Section,4286.0,0,0,0,0,1440U5501_/0010,F,200,220,20
Section,4287.0,0,0,0,0,1440U5501_/0010,F,200,220,20
Section,4288.0,0,0,0,0,1440U5501_/0010,F,200,220,20
Section,4289.0,0,0,0,0,1440U5501_/0010,F,200,220,20
Section,4290.0,0,0,0,0,1440U5501_/0010,F,200,220,20
Section,4291.0,0,0,0,0,1440U5501_/0010,F,200,220,20
Section,4292.0,0,0,0,0,1440U5501_/0010,F,200,220,20
Section,4293.0,0,0,0,0,1440U5501_/0010,F,200,220,20
Section,4293.0,0,0,0,0,1440U5501_/0010,F,220,232,12
Section,4294.0,0,0,0,0,1440U5501_/0010,F,220,232,12
Section,4295.0,0,3,0,0,1440U5501_/0010,F,220,232,12
Section,4296.0,0,3,0,0,1440U5501_/0010,F,220,232,12
Section,4297.0,0,3,0,0,1440U5501_/0010,F,220,232,12
Section,4298.0,0,0,0,0,1440U5501_/0010,F,220,232,12
Section,4299.0,0,0,0,0,1440U5501_/0010,F,220,232,12
Section,4300.0,0,0,0,0,1440U5501_/0010,F,220,232,12
Section,4301.0,0,0,4,4,1440U5501_/0010,F,220,232,12
Section,4302.0,0,0,4,4,1440U5501_/0010,F,220,232,12
Section,4303.0,0,0,4,4,1440U5501_/0010,F,220,232,12
Section,4304.0,0,0,4,4,1440U5501_/0010,F,220,232,12
Section,4305.0,0,0,4,4,1440U5501_/0010,F,220,232,12
Section,4305.0,0,0,4,4,1440U5501_/0030,R,0,20,20
Section,4306.0,0,0,0,0,1440U5501_/0030,R,0,20,20
Section,4307.0,0,5,0,0,1440U5501_/0030,R,0,20,20
Section,4308.0,0,5,0,0,1440U5501_/0030,R,0,20,20
Section,4309.0,0,5,0,0,1440U5501_/0030,R,0,20,20
Section,4310.0,0,5,0,0,1440U5501_/0030,R,0,20,20
Section,4311.0,0,5,0,0,1440U5501_/0030,R,0,20,20
Section,4312.0,5,5,5,5,1440U5501_/0030,R,0,20,20
Section,4313.0,5,5,5,5,1440U5501_/0030,R,0,20,20
Section,4314.0,0,0,0,0,1440U5501_/0030,R,0,20,20
Section,4315.0,0,0,0,0,1440U5501_/0030,R,0,20,20
Section,4316.0,0,0,0,0,1440U5501_/0030,R,0,20,20
Section,4317.0,3,0,0,0,1440U5501_/0030,R,0,20,20
Section,4318.0,3,0,0,0,1440U5501_/0030,R,0,20,20
Section,4319.0,3,0,0,0,1440U5501_/0030,R,0,20,20
Section,4320.0,3,0,0,0,1440U5501_/0030,R,0,20,20
Section,4321.0,3,0,0,0,1440U5501_/0030,R,0,20,20
Section,4322.0,3,0,0,0,1440U5501_/0030,R,0,20,20
Section,4323.0,3,0,0,0,1440U5501_/0030,R,0,20,20
Section,4324.0,3,0,0,0,1440U5501_/0030,R,0,20,20
Section,4325.0,3,0,0,0,1440U5501_/0030,R,0,20,20
Section,4325.0,3,0,0,0,1440U5501_/0030,R,20,40,20
Section,4326.0,3,0,0,0,1440U5501_/0030,R,20,40,20
Section,4327.0,3,0,0,13,1440U5501_/0030,R,20,40,20
Section,4328.0,3,0,0,0,1440U5501_/0030,R,20,40,20
Section,4329.0,3,0,0,0,1440U5501_/0030,R,20,40,20
Section,4330.0,3,12,0,0,1440U5501_/0030,R,20,40,20
Section,4331.0,3,0,0,0,1440U5501_/0030,R,20,40,20
Section,4332.0,3,0,0,0,1440U5501_/0030,R,20,40,20
Section,4333.0,3,0,0,0,1440U5501_/0030,R,20,40,20
Section,4334.0,0,0,0,0,1440U5501_/0030,R,20,40,20
Section,4335.0,0,0,0,0,1440U5501_/0030,R,20,40,20
Section,4336.0,0,0,0,13,1440U5501_/0030,R,20,40,20
Section,4337.0,0,12,0,0,1440U5501_/0030,R,20,40,20
Section,4338.0,0,0,0,0,1440U5501_/0030,R,20,40,20
Section,4339.0,0,0,0,0,1440U5501_/0030,R,20,40,20
Section,4340.0,0,0,0,0,1440U5501_/0030,R,20,40,20
Section,4341.0,0,0,0,0,1440U5501_/0030,R,20,40,20
Section,4342.0,0,0,0,0,1440U5501_/0030,R,20,40,20
Section,4343.0,0,0,0,0,1440U5501_/0030,R,20,40,20
Section,4344.0,0,0,0,0,1440U5501_/0030,R,20,40,20
Section,4345.0,0,0,0,0,1440U5501_/0030,R,20,40,20
Section,4345.0,0,0,0,0,1440U5501_/0030,R,40,60,20
Section,4346.0,0,0,0,0,1440U5501_/0030,R,40,60,20
Section,4347.0,0,0,0,0,1440U5501_/0030,R,40,60,20
Section,4348.0,0,0,0,0,1440U5501_/0030,R,40,60,20
Section,4349.0,5,5,5,5,1440U5501_/0030,R,40,60,20
Section,4350.0,0,0,0,0,1440U5501_/0030,R,40,60,20
Section,4351.0,0,0,0,0,1440U5501_/0030,R,40,60,20
Section,4352.0,0,0,0,0,1440U5501_/0030,R,40,60,20
Section,4353.0,0,0,0,0,1440U5501_/0030,R,40,60,20
Section,4354.0,0,0,0,0,1440U5501_/0030,R,40,60,20
Section,4355.0,0,5,5,5,1440U5501_/0030,R,40,60,20
Section,4356.0,0,0,0,0,1440U5501_/0030,R,40,60,20
Section,4357.0,0,0,0,0,1440U5501_/0030,R,40,60,20
Section,4358.0,0,0,0,0,1440U5501_/0030,R,40,60,20
Section,4359.0,0,0,0,0,1440U5501_/0030,R,40,60,20
Section,4360.0,0,0,0,0,1440U5501_/0030,R,40,60,20
Section,4361.0,0,0,0,0,1440U5501_/0030,R,40,60,20
Section,4362.0,0,0,0,0,1440U5501_/0030,R,40,60,20
Section,4363.0,0,0,0,0,1440U5501_/0030,R,40,60,20
Section,4364.0,0,0,0,0,1440U5501_/0030,R,40,60,20
Section,4365.0,0,0,0,0,1440U5501_/0030,R,40,60,20
Section,4365.0,0,0,0,0,1440U5501_/0030,R,60,80,20
Section,4366.0,0,0,0,0,1440U5501_/0030,R,60,80,20
Section,4367.0,0,0,0,0,1440U5501_/0030,R,60,80,20
Section,4368.0,0,0,0,0,1440U5501_/0030,R,60,80,20
Section,4369.0,0,0,0,0,1440U5501_/0030,R,60,80,20
Section,4370.0,0,0,0,0,1440U5501_/0030,R,60,80,20
Section,4371.0,0,0,0,0,1440U5501_/0030,R,60,80,20
Section,4372.0,5,5,5,5,1440U5501_/0030,R,60,80,20
Section,4373.0,0,0,0,0,1440U5501_/0030,R,60,80,20
Section,4374.0,0,0,0,0,1440U5501_/0030,R,60,80,20
Section,4375.0,0,0,0,0,1440U5501_/0030,R,60,80,20
Section,4376.0,0,0,0,0,1440U5501_/0030,R,60,80,20
Section,4377.0,0,0,0,0,1440U5501_/0030,R,60,80,20
Section,4378.0,0,0,0,0,1440U5501_/0030,R,60,80,20
Section,4379.0,0,0,0,0,1440U5501_/0030,R,60,80,20
Section,4380.0,0,0,0,0,1440U5501_/0030,R,60,80,20
Section,4381.0,0,0,0,0,1440U5501_/0030,R,60,80,20
Section,4382.0,0,0,0,0,1440U5501_/0030,R,60,80,20
Section,4383.0,0,0,0,0,1440U5501_/0030,R,60,80,20
Section,4384.0,0,0,0,0,1440U5501_/0030,R,60,80,20
Section,4385.0,0,0,0,0,1440U5501_/0030,R,60,80,20
Section,4385.0,0,0,0,0,1440U5501_/0030,R,80,100,20
Section,4386.0,0,0,0,0,1440U5501_/0030,R,80,100,20
Section,4387.0,0,0,0,0,1440U5501_/0030,R,80,100,20
Section,4388.0,5,5,5,5,1440U5501_/0030,R,80,100,20
Section,4389.0,0,0,0,0,1440U5501_/0030,R,80,100,20
Section,4390.0,0,0,0,0,1440U5501_/0030,R,80,100,20
Section,4391.0,0,0,0,0,1440U5501_/0030,R,80,100,20
Section,4392.0,5,5,5,5,1440U5501_/0030,R,80,100,20
Section,4393.0,0,3,0,0,1440U5501_/0030,R,80,100,20
Section,4394.0,0,3,0,0,1440U5501_/0030,R,80,100,20
Section,4395.0,0,3,0,0,1440U5501_/0030,R,80,100,20
Section,4396.0,0,3,0,0,1440U5501_/0030,R,80,100,20
Section,4397.0,0,3,0,0,1440U5501_/0030,R,80,100,20
Section,4398.0,0,3,0,0,1440U5501_/0030,R,80,100,20
Section,4399.0,0,3,0,0,1440U5501_/0030,R,80,100,20
Section,4400.0,0,3,0,0,1440U5501_/0030,R,80,100,20
Section,4401.0,0,3,0,0,1440U5501_/0030,R,80,100,20
Section,4402.0,0,0,0,0,1440U5501_/0030,R,80,100,20
Section,4403.0,0,0,0,0,1440U5501_/0030,R,80,100,20
Section,4404.0,0,0,0,0,1440U5501_/0030,R,80,100,20
Section,4405.0,0,0,0,0,1440U5501_/0030,R,80,100,20
Section,4405.0,0,0,0,0,1440U5501_/0030,R,100,120,20
Section,4406.0,0,0,13,0,1440U5501_/0030,R,100,120,20
Section,4407.0,0,0,0,0,1440U5501_/0030,R,100,120,20
Section,4408.0,0,0,0,0,1440U5501_/0030,R,100,120,20
Section,4409.0,0,0,0,0,1440U5501_/0030,R,100,120,20
Section,4410.0,0,0,0,0,1440U5501_/0030,R,100,120,20
Section,4411.0,0,0,0,0,1440U5501_/0030,R,100,120,20
Section,4412.0,0,0,0,0,1440U5501_/0030,R,100,120,20
Section,4413.0,0,0,0,0,1440U5501_/0030,R,100,120,20
Section,4414.0,0,0,0,0,1440U5501_/0030,R,100,120,20
Section,4415.0,0,0,0,0,1440U5501_/0030,R,100,120,20
Section,4416.0,0,0,0,13,1440U5501_/0030,R,100,120,20
Section,4417.0,0,0,0,0,1440U5501_/0030,R,100,120,20
Section,4418.0,0,0,0,0,1440U5501_/0030,R,100,120,20
Section,4419.0,0,0,0,0,1440U5501_/0030,R,100,120,20
Section,4420.0,0,0,0,0,1440U5501_/0030,R,100,120,20
Section,4421.0,0,0,0,0,1440U5501_/0030,R,100,120,20
Section,4422.0,0,0,0,0,1440U5501_/0030,R,100,120,20
Section,4423.0,0,0,0,0,1440U5501_/0030,R,100,120,20
Section,4424.0,0,0,0,0,1440U5501_/0030,R,100,120,20
Section,4425.0,0,0,0,0,1440U5501_/0030,R,100,120,20
Section,4425.0,0,0,0,0,1440U5501_/0030,R,120,140,20
Section,4426.0,0,0,0,0,1440U5501_/0030,R,120,140,20
Section,4427.0,0,0,0,0,1440U5501_/0030,R,120,140,20
Section,4428.0,0,0,0,0,1440U5501_/0030,R,120,140,20
Section,4429.0,0,0,0,0,1440U5501_/0030,R,120,140,20
Section,4430.0,0,0,0,0,1440U5501_/0030,R,120,140,20
Section,4431.0,0,0,0,13,1440U5501_/0030,R,120,140,20
Section,4432.0,0,0,0,0,1440U5501_/0030,R,120,140,20
Section,4433.0,0,0,0,0,1440U5501_/0030,R,120,140,20
Section,4434.0,0,0,0,0,1440U5501_/0030,R,120,140,20
Section,4435.0,0,0,0,0,1440U5501_/0030,R,120,140,20
Section,4436.0,0,0,0,0,1440U5501_/0030,R,120,140,20
Section,4437.0,0,0,0,0,1440U5501_/0030,R,120,140,20
Section,4438.0,0,0,12,0,1440U5501_/0030,R,120,140,20
Section,4439.0,0,0,0,0,1440U5501_/0030,R,120,140,20
Section,4440.0,0,0,0,0,1440U5501_/0030,R,120,140,20
Section,4441.0,0,0,0,13,1440U5501_/0030,R,120,140,20
Section,4442.0,0,0,0,0,1440U5501_/0030,R,120,140,20
Section,4443.0,0,0,0,0,1440U5501_/0030,R,120,140,20
Section,4444.0,0,0,0,0,1440U5501_/0030,R,120,140,20
Section,4445.0,0,0,0,0,1440U5501_/0030,R,120,140,20
Section,4445.0,0,0,0,0,1440U5501_/0030,R,140,160,20
Section,4446.0,0,0,0,0,1440U5501_/0030,R,140,160,20
Section,4447.0,0,0,0,0,1440U5501_/0030,R,140,160,20
Section,4448.0,0,0,0,0,1440U5501_/0030,R,140,160,20
Section,4449.0,0,0,0,0,1440U5501_/0030,R,140,160,20
Section,4450.0,12,0,0,0,1440U5501_/0030,R,140,160,20
Section,4451.0,0,0,0,0,1440U5501_/0030,R,140,160,20
Section,4452.0,0,0,0,0,1440U5501_/0030,R,140,160,20
Section,4453.0,0,0,0,0,1440U5501_/0030,R,140,160,20
Section,4454.0,0,0,0,0,1440U5501_/0030,R,140,160,20
Section,4455.0,0,0,0,0,1440U5501_/0030,R,140,160,20
Section,4456.0,0,0,0,0,1440U5501_/0030,R,140,160,20
Section,4457.0,0,0,0,0,1440U5501_/0030,R,140,160,20
Section,4458.0,0,0,0,0,1440U5501_/0030,R,140,160,20
Section,4459.0,0,0,0,0,1440U5501_/0030,R,140,160,20
Section,4460.0,0,0,13,0,1440U5501_/0030,R,140,160,20
Section,4461.0,12,0,0,0,1440U5501_/0030,R,140,160,20
Section,4462.0,0,0,0,0,1440U5501_/0030,R,140,160,20
Section,4463.0,0,0,0,0,1440U5501_/0030,R,140,160,20
Section,4464.0,0,0,0,0,1440U5501_/0030,R,140,160,20
Section,4465.0,0,0,0,0,1440U5501_/0030,R,140,160,20
Section,4465.0,0,0,0,0,1440U5501_/0030,R,160,180,20
Section,4466.0,0,0,0,0,1440U5501_/0030,R,160,180,20
Section,4467.0,0,0,0,0,1440U5501_/0030,R,160,180,20
Section,4468.0,12,0,0,0,1440U5501_/0030,R,160,180,20
Section,4469.0,0,0,0,0,1440U5501_/0030,R,160,180,20
Section,4470.0,0,0,0,0,1440U5501_/0030,R,160,180,20
Section,4471.0,0,0,0,13,1440U5501_/0030,R,160,180,20
Section,4472.0,0,0,0,0,1440U5501_/0030,R,160,180,20
Section,4473.0,0,0,0,0,1440U5501_/0030,R,160,180,20
Section,4474.0,0,12,0,0,1440U5501_/0030,R,160,180,20
Section,4475.0,0,0,0,0,1440U5501_/0030,R,160,180,20
Section,4476.0,0,0,13,0,1440U5501_/0030,R,160,180,20
Section,4477.0,0,0,0,0,1440U5501_/0030,R,160,180,20
Section,4478.0,0,0,0,0,1440U5501_/0030,R,160,180,20
Section,4479.0,0,0,0,0,1440U5501_/0030,R,160,180,20
Section,4480.0,0,0,0,0,1440U5501_/0030,R,160,180,20
Section,4481.0,0,0,0,0,1440U5501_/0030,R,160,180,20
Section,4482.0,0,0,0,0,1440U5501_/0030,R,160,180,20
Section,4483.0,0,0,0,0,1440U5501_/0030,R,160,180,20
Section,4484.0,12,0,13,0,1440U5501_/0030,R,160,180,20
Section,4485.0,0,0,0,0,1440U5501_/0030,R,160,180,20
Section,4485.0,0,0,0,0,1440U5501_/0030,R,180,200,20
Section,4486.0,0,0,0,0,1440U5501_/0030,R,180,200,20
Section,4487.0,0,0,0,0,1440U5501_/0030,R,180,200,20
Section,4488.0,0,0,0,0,1440U5501_/0030,R,180,200,20
Section,4489.0,0,0,0,0,1440U5501_/0030,R,180,200,20
Section,4490.0,0,0,0,13,1440U5501_/0030,R,180,200,20
Section,4491.0,0,0,0,0,1440U5501_/0030,R,180,200,20
Section,4492.0,0,0,0,0,1440U5501_/0030,R,180,200,20
Section,4493.0,0,0,12,0,1440U5501_/0030,R,180,200,20
Section,4494.0,0,0,0,0,1440U5501_/0030,R,180,200,20
Section,4495.0,0,0,0,0,1440U5501_/0030,R,180,200,20
Section,4496.0,0,0,0,0,1440U5501_/0030,R,180,200,20
Section,4497.0,0,0,0,0,1440U5501_/0030,R,180,200,20
Section,4498.0,0,0,0,0,1440U5501_/0030,R,180,200,20
Section,4499.0,0,0,3,0,1440U5501_/0030,R,180,200,20
Section,4500.0,12,13,3,0,1440U5501_/0030,R,180,200,20
Section,4501.0,0,0,3,0,1440U5501_/0030,R,180,200,20
Section,4502.0,0,0,3,0,1440U5501_/0030,R,180,200,20
Section,4503.0,0,0,3,0,1440U5501_/0030,R,180,200,20
Section,4504.0,0,0,3,0,1440U5501_/0030,R,180,200,20
Section,4505.0,0,12,3,0,1440U5501_/0030,R,180,200,20
Section,4505.0,0,12,3,0,1440U5501_/0030,R,200,220,20
Section,4506.0,0,0,3,0,1440U5501_/0030,R,200,220,20
Section,4507.0,0,0,3,0,1440U5501_/0030,R,200,220,20
Section,4508.0,0,0,3,0,1440U5501_/0030,R,200,220,20
Section,4509.0,0,0,3,0,1440U5501_/0030,R,200,220,20
Section,4510.0,0,0,3,0,1440U5501_/0030,R,200,220,20
Section,4511.0,0,0,3,0,1440U5501_/0030,R,200,220,20
Section,4512.0,0,0,3,0,1440U5501_/0030,R,200,220,20
Section,4513.0,0,0,3,0,1440U5501_/0030,R,200,220,20
Section,4514.0,0,0,3,0,1440U5501_/0030,R,200,220,20
Section,4515.0,0,0,3,0,1440U5501_/0030,R,200,220,20
Section,4516.0,0,0,3,0,1440U5501_/0030,R,200,220,20
Section,4517.0,0,0,3,0,1440U5501_/0030,R,200,220,20
Section,4518.0,0,0,3,0,1440U5501_/0030,R,200,220,20
Section,4519.0,12,0,3,0,1440U5501_/0030,R,200,220,20
Section,4520.0,0,0,3,0,1440U5501_/0030,R,200,220,20
Section,4521.0,0,0,3,0,1440U5501_/0030,R,200,220,20
Section,4522.0,0,0,3,0,1440U5501_/0030,R,200,220,20
Section,4523.0,0,0,3,0,1440U5501_/0030,R,200,220,20
Section,4524.0,0,0,3,0,1440U5501_/0030,R,200,220,20
Section,4525.0,0,0,3,0,1440U5501_/0030,R,200,220,20
Section,4525.0,0,0,3,0,1440U5501_/0030,R,220,240,20
Section,4526.0,0,0,3,0,1440U5501_/0030,R,220,240,20
Section,4527.0,0,0,3,13,1440U5501_/0030,R,220,240,20
Section,4528.0,0,0,0,0,1440U5501_/0030,R,220,240,20
Section,4529.0,0,0,0,0,1440U5501_/0030,R,220,240,20
Section,4530.0,0,0,0,0,1440U5501_/0030,R,220,240,20
Section,4531.0,0,0,0,0,1440U5501_/0030,R,220,240,20
Section,4532.0,0,0,0,0,1440U5501_/0030,R,220,240,20
Section,4533.0,0,0,0,0,1440U5501_/0030,R,220,240,20
Section,4534.0,0,0,0,0,1440U5501_/0030,R,220,240,20
Section,4535.0,0,0,0,0,1440U5501_/0030,R,220,240,20
Section,4536.0,0,0,0,0,1440U5501_/0030,R,220,240,20
Section,4537.0,0,0,0,0,1440U5501_/0030,R,220,240,20
Section,4538.0,0,0,0,0,1440U5501_/0030,R,220,240,20
Section,4539.0,0,0,13,0,1440U5501_/0030,R,220,240,20
Section,4540.0,0,0,0,0,1440U5501_/0030,R,220,240,20
Section,4541.0,0,0,0,0,1440U5501_/0030,R,220,240,20
Section,4542.0,0,12,0,0,1440U5501_/0030,R,220,240,20
Section,4543.0,0,0,0,0,1440U5501_/0030,R,220,240,20
Section,4544.0,0,0,0,0,1440U5501_/0030,R,220,240,20
Section,4545.0,0,0,0,13,1440U5501_/0030,R,220,240,20
Section,4545.0,0,0,0,13,1440U5501_/0030,R,240,260,20
Section,4546.0,0,0,0,0,1440U5501_/0030,R,240,260,20
Section,4547.0,0,0,0,12,1440U5501_/0030,R,240,260,20
Section,4548.0,0,0,0,0,1440U5501_/0030,R,240,260,20
Section,4549.0,0,0,0,0,1440U5501_/0030,R,240,260,20
Section,4550.0,0,0,0,0,1440U5501_/0030,R,240,260,20
Section,4551.0,0,0,0,0,1440U5501_/0030,R,240,260,20
Section,4552.0,0,0,0,0,1440U5501_/0030,R,240,260,20
Section,4553.0,0,0,0,0,1440U5501_/0030,R,240,260,20
Section,4554.0,0,0,13,0,1440U5501_/0030,R,240,260,20
Section,4555.0,0,12,0,0,1440U5501_/0030,R,240,260,20
Section,4556.0,0,0,0,0,1440U5501_/0030,R,240,260,20
Section,4557.0,0,0,0,0,1440U5501_/0030,R,240,260,20
Section,4558.0,0,0,0,0,1440U5501_/0030,R,240,260,20
Section,4559.0,0,0,0,0,1440U5501_/0030,R,240,260,20
Section,4560.0,0,0,0,0,1440U5501_/0030,R,240,260,20
Section,4561.0,0,12,0,0,1440U5501_/0030,R,240,260,20
Section,4562.0,0,0,13,0,1440U5501_/0030,R,240,260,20
Section,4563.0,0,0,0,0,1440U5501_/0030,R,240,260,20
Section,4564.0,0,0,0,0,1440U5501_/0030,R,240,260,20
Section,4565.0,0,0,0,0,1440U5501_/0030,R,240,260,20
Section,4565.0,0,0,0,0,1440U5501_/0030,R,260,280,20
Section,4566.0,0,0,0,0,1440U5501_/0030,R,260,280,20
Section,4567.0,0,0,0,0,1440U5501_/0030,R,260,280,20
Section,4568.0,0,0,0,0,1440U5501_/0030,R,260,280,20
Section,4569.0,0,0,0,0,1440U5501_/0030,R,260,280,20
Section,4570.0,0,0,0,0,1440U5501_/0030,R,260,280,20
Section,4571.0,12,13,0,0,1440U5501_/0030,R,260,280,20
Section,4572.0,0,0,0,0,1440U5501_/0030,R,260,280,20
Section,4573.0,0,0,0,0,1440U5501_/0030,R,260,280,20
Section,4574.0,0,0,0,0,1440U5501_/0030,R,260,280,20
Section,4575.0,0,0,0,0,1440U5501_/0030,R,260,280,20
Section,4576.0,0,0,0,0,1440U5501_/0030,R,260,280,20
Section,4577.0,0,0,0,0,1440U5501_/0030,R,260,280,20
Section,4578.0,0,0,0,0,1440U5501_/0030,R,260,280,20
Section,4579.0,0,0,0,0,1440U5501_/0030,R,260,280,20
Section,4580.0,0,13,0,12,1440U5501_/0030,R,260,280,20
Section,4581.0,0,0,0,0,1440U5501_/0030,R,260,280,20
Section,4582.0,0,0,0,0,1440U5501_/0030,R,260,280,20
Section,4583.0,0,0,0,0,1440U5501_/0030,R,260,280,20
Section,4584.0,0,0,0,0,1440U5501_/0030,R,260,280,20
Section,4585.0,0,0,0,0,1440U5501_/0030,R,260,280,20
Section,4585.0,0,0,0,0,1440U5501_/0030,R,280,300,20
Section,4586.0,0,0,0,0,1440U5501_/0030,R,280,300,20
Section,4587.0,0,13,12,0,1440U5501_/0030,R,280,300,20
Section,4588.0,0,0,0,0,1440U5501_/0030,R,280,300,20
Section,4589.0,0,0,0,0,1440U5501_/0030,R,280,300,20
Section,4590.0,0,0,0,0,1440U5501_/0030,R,280,300,20
Section,4591.0,0,0,0,0,1440U5501_/0030,R,280,300,20
Section,4592.0,0,0,0,0,1440U5501_/0030,R,280,300,20
Section,4593.0,0,0,0,0,1440U5501_/0030,R,280,300,20
Section,4594.0,0,0,0,0,1440U5501_/0030,R,280,300,20
Section,4595.0,13,0,12,0,1440U5501_/0030,R,280,300,20
Section,4596.0,0,0,0,0,1440U5501_/0030,R,280,300,20
Section,4597.0,0,0,0,0,1440U5501_/0030,R,280,300,20
Section,4598.0,3,0,0,0,1440U5501_/0030,R,280,300,20
Section,4599.0,3,0,0,0,1440U5501_/0030,R,280,300,20
Section,4600.0,3,0,0,0,1440U5501_/0030,R,280,300,20
Section,4601.0,3,0,12,0,1440U5501_/0030,R,280,300,20
Section,4602.0,3,0,0,0,1440U5501_/0030,R,280,300,20
Section,4603.0,3,0,0,0,1440U5501_/0030,R,280,300,20
Section,4604.0,3,0,0,0,1440U5501_/0030,R,280,300,20
Section,4605.0,3,0,0,0,1440U5501_/0030,R,280,300,20
Section,4605.0,3,0,0,0,1440U5501_/0030,R,300,320,20
Section,4606.0,3,0,0,0,1440U5501_/0030,R,300,320,20
Section,4607.0,3,0,0,0,1440U5501_/0030,R,300,320,20
Section,4608.0,3,12,0,0,1440U5501_/0030,R,300,320,20
Section,4609.0,3,0,13,0,1440U5501_/0030,R,300,320,20
Section,4610.0,3,0,0,0,1440U5501_/0030,R,300,320,20
Section,4611.0,3,0,0,0,1440U5501_/0030,R,300,320,20
Section,4612.0,3,0,0,0,1440U5501_/0030,R,300,320,20
Section,4613.0,3,0,0,0,1440U5501_/0030,R,300,320,20
Section,4614.0,3,0,0,0,1440U5501_/0030,R,300,320,20
Section,4615.0,3,0,0,0,1440U5501_/0030,R,300,320,20
Section,4616.0,3,12,0,0,1440U5501_/0030,R,300,320,20
Section,4617.0,3,0,13,0,1440U5501_/0030,R,300,320,20
Section,4618.0,3,0,0,0,1440U5501_/0030,R,300,320,20
Section,4619.0,3,0,0,0,1440U5501_/0030,R,300,320,20
Section,4620.0,3,0,0,0,1440U5501_/0030,R,300,320,20
Section,4621.0,3,0,0,0,1440U5501_/0030,R,300,320,20
Section,4622.0,3,0,0,0,1440U5501_/0030,R,300,320,20
Section,4623.0,3,0,0,0,1440U5501_/0030,R,300,320,20
Section,4624.0,3,12,13,0,1440U5501_/0030,R,300,320,20
Section,4625.0,3,0,0,0,1440U5501_/0030,R,300,320,20
Section,4625.0,3,0,0,0,1440U5501_/0030,R,320,340,20
Section,4626.0,3,0,0,0,1440U5501_/0030,R,320,340,20
Section,4627.0,3,0,0,0,1440U5501_/0030,R,320,340,20
Section,4628.0,3,0,0,0,1440U5501_/0030,R,320,340,20
Section,4629.0,3,0,0,0,1440U5501_/0030,R,320,340,20
Section,4630.0,3,0,0,0,1440U5501_/0030,R,320,340,20
Section,4631.0,3,0,0,0,1440U5501_/0030,R,320,340,20
Section,4632.0,3,0,12,13,1440U5501_/0030,R,320,340,20
Section,4633.0,3,0,0,0,1440U5501_/0030,R,320,340,20
Section,4634.0,3,0,0,0,1440U5501_/0030,R,320,340,20
Section,4635.0,3,0,0,0,1440U5501_/0030,R,320,340,20
Section,4636.0,3,0,0,0,1440U5501_/0030,R,320,340,20
Section,4637.0,3,0,0,0,1440U5501_/0030,R,320,340,20
Section,4638.0,3,0,0,0,1440U5501_/0030,R,320,340,20
Section,4639.0,3,0,0,0,1440U5501_/0030,R,320,340,20
Section,4640.0,3,0,0,0,1440U5501_/0030,R,320,340,20
Section,4641.0,3,0,0,0,1440U5501_/0030,R,320,340,20
Section,4642.0,3,0,0,0,1440U5501_/0030,R,320,340,20
Section,4643.0,3,0,0,0,1440U5501_/0030,R,320,340,20
Section,4644.0,3,0,0,0,1440U5501_/0030,R,320,340,20
Section,4645.0,3,0,0,0,1440U5501_/0030,R,320,340,20
Section,4645.0,3,0,0,0,1440U5501_/0030,R,340,360,20
Section,4646.0,3,0,0,0,1440U5501_/0030,R,340,360,20
Section,4647.0,3,0,0,0,1440U5501_/0030,R,340,360,20
Section,4648.0,3,0,0,0,1440U5501_/0030,R,340,360,20
Section,4649.0,3,0,0,0,1440U5501_/0030,R,340,360,20
Section,4650.0,3,0,0,0,1440U5501_/0030,R,340,360,20
Section,4651.0,3,0,0,0,1440U5501_/0030,R,340,360,20
Section,4652.0,3,0,0,0,1440U5501_/0030,R,340,360,20
Section,4653.0,3,0,0,0,1440U5501_/0030,R,340,360,20
Section,4654.0,3,0,0,0,1440U5501_/0030,R,340,360,20
Section,4655.0,3,0,0,0,1440U5501_/0030,R,340,360,20
Section,4656.0,3,0,0,0,1440U5501_/0030,R,340,360,20
Section,4657.0,3,0,0,0,1440U5501_/0030,R,340,360,20
Section,4658.0,3,0,0,0,1440U5501_/0030,R,340,360,20
Section,4659.0,3,0,0,0,1440U5501_/0030,R,340,360,20
Section,4660.0,3,0,0,0,1440U5501_/0030,R,340,360,20
Section,4661.0,3,0,0,0,1440U5501_/0030,R,340,360,20
Section,4662.0,3,0,0,0,1440U5501_/0030,R,340,360,20
Section,4663.0,3,0,0,0,1440U5501_/0030,R,340,360,20
Section,4664.0,3,0,0,0,1440U5501_/0030,R,340,360,20
Section,4665.0,3,0,0,0,1440U5501_/0030,R,340,360,20
Section,4665.0,3,0,0,0,1440U5501_/0030,R,360,363,3
Section,4666.0,3,0,0,0,1440U5501_/0030,R,360,363,3
Section,4667.0,3,0,0,0,1440U5501_/0030,R,360,363,3
Section,4668.0,3,12,13,0,1440U5501_/0030,R,360,363,3
Section,4668.0,3,12,13,0,1440U5501_/0160,F,0,20,20
Section,4669.0,3,0,0,0,1440U5501_/0160,F,0,20,20
Section,4670.0,3,0,0,0,1440U5501_/0160,F,0,20,20
Section,4671.0,3,0,0,0,1440U5501_/0160,F,0,20,20
Section,4672.0,3,0,0,0,1440U5501_/0160,F,0,20,20
Section,4673.0,3,0,0,0,1440U5501_/0160,F,0,20,20
Section,4674.0,3,0,0,0,1440U5501_/0160,F,0,20,20
Section,4675.0,3,0,0,0,1440U5501_/0160,F,0,20,20
Section,4676.0,3,0,0,0,1440U5501_/0160,F,0,20,20
Section,4677.0,3,0,13,12,1440U5501_/0160,F,0,20,20
Section,4678.0,3,0,0,0,1440U5501_/0160,F,0,20,20
Section,4679.0,3,0,0,0,1440U5501_/0160,F,0,20,20
Section,4680.0,3,0,0,0,1440U5501_/0160,F,0,20,20
Section,4681.0,3,0,0,0,1440U5501_/0160,F,0,20,20
Section,4682.0,3,0,0,0,1440U5501_/0160,F,0,20,20
Section,4683.0,3,0,0,0,1440U5501_/0160,F,0,20,20
Section,4684.0,3,0,0,0,1440U5501_/0160,F,0,20,20
Section,4685.0,3,0,0,0,1440U5501_/0160,F,0,20,20
Section,4686.0,3,0,0,0,1440U5501_/0160,F,0,20,20
Section,4687.0,3,0,0,0,1440U5501_/0160,F,0,20,20
Section,4688.0,3,0,0,0,1440U5501_/0160,F,0,20,20
Section,4688.0,3,0,0,0,1440U5501_/0160,F,20,40,20
Section,4689.0,3,0,0,0,1440U5501_/0160,F,20,40,20
Section,4690.0,3,0,0,0,1440U5501_/0160,F,20,40,20
Section,4691.0,3,0,12,13,1440U5501_/0160,F,20,40,20
Section,4692.0,3,0,0,0,1440U5501_/0160,F,20,40,20
Section,4693.0,3,0,0,0,1440U5501_/0160,F,20,40,20
Section,4694.0,3,0,0,0,1440U5501_/0160,F,20,40,20
Section,4695.0,3,0,0,0,1440U5501_/0160,F,20,40,20
Section,4696.0,3,0,0,0,1440U5501_/0160,F,20,40,20
Section,4697.0,3,0,0,0,1440U5501_/0160,F,20,40,20
Section,4698.0,3,0,0,0,1440U5501_/0160,F,20,40,20
Section,4699.0,3,0,13,12,1440U5501_/0160,F,20,40,20
Section,4700.0,3,0,0,0,1440U5501_/0160,F,20,40,20
Section,4701.0,3,0,0,0,1440U5501_/0160,F,20,40,20
Section,4702.0,3,0,0,0,1440U5501_/0160,F,20,40,20
Section,4703.0,3,0,0,0,1440U5501_/0160,F,20,40,20
Section,4704.0,3,0,0,0,1440U5501_/0160,F,20,40,20
Section,4705.0,3,0,0,0,1440U5501_/0160,F,20,40,20
Section,4706.0,3,0,0,0,1440U5501_/0160,F,20,40,20
Section,4707.0,3,0,0,0,1440U5501_/0160,F,20,40,20
Section,4708.0,3,0,0,0,1440U5501_/0160,F,20,40,20
Section,4708.0,3,0,0,0,1440U5501_/0160,F,40,47,7
Section,4709.0,3,0,0,0,1440U5501_/0160,F,40,47,7
Section,4710.0,3,0,0,0,1440U5501_/0160,F,40,47,7
Section,4711.0,3,0,0,0,1440U5501_/0160,F,40,47,7
Section,4712.0,0,0,4,0,1440U5501_/0160,F,40,47,7
Section,4713.0,0,0,4,0,1440U5501_/0160,F,40,47,7
Section,4714.0,0,0,4,0,1440U5501_/0160,F,40,47,7
Section,4715.0,0,0,4,0,1440U5501_/0160,F,40,47,7
Section,4768.0,0,0,0,0,1440U5501_/0030,R,363,380,17
Section,4769.0,0,0,0,0,1440U5501_/0030,R,363,380,17
Section,4770.0,3,0,0,0,1440U5501_/0030,R,363,380,17
Section,4771.0,3,0,0,0,1440U5501_/0030,R,363,380,17
Section,4772.0,3,0,0,0,1440U5501_/0030,R,363,380,17
Section,4773.0,3,0,0,0,1440U5501_/0030,R,363,380,17
Section,4774.0,3,0,13,0,1440U5501_/0030,R,363,380,17
Section,4775.0,3,0,0,0,1440U5501_/0030,R,363,380,17
Section,4776.0,3,0,0,0,1440U5501_/0030,R,363,380,17
Section,4777.0,3,0,12,0,1440U5501_/0030,R,363,380,17
Section,4778.0,3,0,0,0,1440U5501_/0030,R,363,380,17
Section,4779.0,3,0,0,0,1440U5501_/0030,R,363,380,17
Section,4780.0,3,0,0,0,1440U5501_/0030,R,363,380,17
Section,4781.0,3,0,0,0,1440U5501_/0030,R,363,380,17
Section,4782.0,3,0,0,0,1440U5501_/0030,R,363,380,17
Section,4783.0,3,0,0,0,1440U5501_/0030,R,363,380,17
Section,4784.0,3,12,0,13,1440U5501_/0030,R,363,380,17
Section,4785.0,3,0,0,0,1440U5501_/0030,R,363,380,17
Section,4785.0,3,0,0,0,1440U5501_/0030,R,380,400,20
Section,4786.0,3,0,0,0,1440U5501_/0030,R,380,400,20
Section,4787.0,3,0,0,0,1440U5501_/0030,R,380,400,20
Section,4788.0,3,0,0,0,1440U5501_/0030,R,380,400,20
Section,4789.0,0,0,0,0,1440U5501_/0030,R,380,400,20
Section,4790.0,0,0,0,0,1440U5501_/0030,R,380,400,20
Section,4791.0,0,0,0,13,1440U5501_/0030,R,380,400,20
Section,4792.0,0,0,12,0,1440U5501_/0030,R,380,400,20
Section,4793.0,0,0,0,0,1440U5501_/0030,R,380,400,20
Section,4794.0,0,0,0,0,1440U5501_/0030,R,380,400,20
Section,4795.0,0,0,0,0,1440U5501_/0030,R,380,400,20
Section,4796.0,0,0,0,0,1440U5501_/0030,R,380,400,20
Section,4797.0,0,0,0,0,1440U5501_/0030,R,380,400,20
Section,4798.0,0,0,0,0,1440U5501_/0030,R,380,400,20
Section,4799.0,0,0,0,0,1440U5501_/0030,R,380,400,20
Section,4800.0,0,0,0,0,1440U5501_/0030,R,380,400,20
Section,4801.0,0,0,0,0,1440U5501_/0030,R,380,400,20
Section,4802.0,0,0,0,0,1440U5501_/0030,R,380,400,20
Section,4803.0,0,0,0,0,1440U5501_/0030,R,380,400,20
Section,4804.0,0,0,0,0,1440U5501_/0030,R,380,400,20
Section,4805.0,0,0,12,0,1440U5501_/0030,R,380,400,20
Section,4805.0,0,0,12,0,1440U5501_/0030,R,400,420,20
Section,4806.0,0,13,0,0,1440U5501_/0030,R,400,420,20
Section,4807.0,0,0,0,0,1440U5501_/0030,R,400,420,20
Section,4808.0,0,0,0,0,1440U5501_/0030,R,400,420,20
Section,4809.0,0,0,0,0,1440U5501_/0030,R,400,420,20
Section,4810.0,0,0,0,0,1440U5501_/0030,R,400,420,20
Section,4811.0,0,0,0,0,1440U5501_/0030,R,400,420,20
Section,4812.0,0,12,13,0,1440U5501_/0030,R,400,420,20
Section,4813.0,0,0,0,0,1440U5501_/0030,R,400,420,20
Section,4814.0,0,0,0,0,1440U5501_/0030,R,400,420,20
Section,4815.0,0,0,0,0,1440U5501_/0030,R,400,420,20
Section,4816.0,0,0,0,0,1440U5501_/0030,R,400,420,20
Section,4817.0,0,0,0,0,1440U5501_/0030,R,400,420,20
Section,4818.0,0,0,0,0,1440U5501_/0030,R,400,420,20
Section,4819.0,0,0,13,0,1440U5501_/0030,R,400,420,20
Section,4820.0,0,12,0,0,1440U5501_/0030,R,400,420,20
Section,4821.0,0,0,0,0,1440U5501_/0030,R,400,420,20
Section,4822.0,0,0,0,0,1440U5501_/0030,R,400,420,20
Section,4823.0,0,0,0,0,1440U5501_/0030,R,400,420,20
Section,4824.0,0,0,0,0,1440U5501_/0030,R,400,420,20
Section,4825.0,0,0,0,0,1440U5501_/0030,R,400,420,20
Section,4825.0,0,0,0,0,1440U5501_/0030,R,420,440,20
Section,4826.0,0,0,0,0,1440U5501_/0030,R,420,440,20
Section,4827.0,0,0,12,13,1440U5501_/0030,R,420,440,20
Section,4828.0,0,0,0,0,1440U5501_/0030,R,420,440,20
Section,4829.0,0,0,0,0,1440U5501_/0030,R,420,440,20
Section,4830.0,0,0,0,0,1440U5501_/0030,R,420,440,20
Section,4831.0,0,0,0,0,1440U5501_/0030,R,420,440,20
Section,4832.0,0,0,0,0,1440U5501_/0030,R,420,440,20
Section,4833.0,0,0,0,0,1440U5501_/0030,R,420,440,20
Section,4834.0,0,0,0,0,1440U5501_/0030,R,420,440,20
Section,4835.0,0,0,0,0,1440U5501_/0030,R,420,440,20
Section,4836.0,0,0,0,0,1440U5501_/0030,R,420,440,20
Section,4837.0,0,0,0,0,1440U5501_/0030,R,420,440,20
Section,4838.0,0,0,0,0,1440U5501_/0030,R,420,440,20
Section,4839.0,12,0,13,0,1440U5501_/0030,R,420,440,20
Section,4840.0,0,0,0,0,1440U5501_/0030,R,420,440,20
Section,4841.0,0,0,0,0,1440U5501_/0030,R,420,440,20
Section,4842.0,0,0,0,0,1440U5501_/0030,R,420,440,20
Section,4843.0,0,0,0,0,1440U5501_/0030,R,420,440,20
Section,4844.0,0,0,0,0,1440U5501_/0030,R,420,440,20
Section,4845.0,0,0,0,0,1440U5501_/0030,R,420,440,20
Section,4845.0,0,0,0,0,1440U5501_/0030,R,440,460,20
Section,4846.0,0,0,0,0,1440U5501_/0030,R,440,460,20
Section,4847.0,0,13,0,0,1440U5501_/0030,R,440,460,20
Section,4848.0,0,0,12,0,1440U5501_/0030,R,440,460,20
Section,4849.0,0,0,0,0,1440U5501_/0030,R,440,460,20
Section,4850.0,0,0,0,0,1440U5501_/0030,R,440,460,20
Section,4851.0,0,0,0,0,1440U5501_/0030,R,440,460,20
Section,4852.0,0,0,0,0,1440U5501_/0030,R,440,460,20
Section,4853.0,0,0,0,0,1440U5501_/0030,R,440,460,20
Section,4854.0,0,0,0,0,1440U5501_/0030,R,440,460,20
Section,4855.0,0,0,0,0,1440U5501_/0030,R,440,460,20
Section,4856.0,13,0,12,0,1440U5501_/0030,R,440,460,20
Section,4857.0,0,0,0,0,1440U5501_/0030,R,440,460,20
Section,4858.0,0,0,0,0,1440U5501_/0030,R,440,460,20
Section,4859.0,0,0,0,0,1440U5501_/0030,R,440,460,20
Section,4860.0,0,0,0,0,1440U5501_/0030,R,440,460,20
Section,4861.0,0,12,0,0,1440U5501_/0030,R,440,460,20
Section,4862.0,0,0,0,13,1440U5501_/0030,R,440,460,20
Section,4863.0,0,0,0,0,1440U5501_/0030,R,440,460,20
Section,4864.0,0,0,0,0,1440U5501_/0030,R,440,460,20
Section,4865.0,0,0,0,0,1440U5501_/0030,R,440,460,20
Section,4865.0,0,0,0,0,1440U5501_/0030,R,460,469,9
Section,4866.0,0,0,0,0,1440U5501_/0030,R,460,469,9
Section,4867.0,0,0,0,0,1440U5501_/0030,R,460,469,9
Section,4868.0,0,0,0,0,1440U5501_/0030,R,460,469,9
Section,4869.0,0,0,0,0,1440U5501_/0030,R,460,469,9
Section,4870.0,0,0,0,0,1440U5501_/0030,R,460,469,9
Section,4871.0,0,0,0,0,1440U5501_/0030,R,460,469,9
Section,4872.0,0,0,0,0,1440U5501_/0030,R,460,469,9
Section,4873.0,0,0,0,0,1440U5501_/0030,R,460,469,9
Section,4874.0,0,0,0,0,1440U5501_/0030,R,460,469,9
Section,4874.0,0,0,0,0,1440U5501_/0130,R,0,20,20
Section,4875.0,0,0,0,0,1440U5501_/0130,R,0,20,20
Section,4876.0,0,0,0,0,1440U5501_/0130,R,0,20,20
Section,4877.0,0,0,0,0,1440U5501_/0130,R,0,20,20
Section,4878.0,0,0,0,0,1440U5501_/0130,R,0,20,20
Section,4879.0,0,0,0,0,1440U5501_/0130,R,0,20,20
Section,4880.0,0,0,0,0,1440U5501_/0130,R,0,20,20
Section,4881.0,0,0,0,0,1440U5501_/0130,R,0,20,20
Section,4882.0,0,0,0,0,1440U5501_/0130,R,0,20,20
Section,4883.0,0,0,0,0,1440U5501_/0130,R,0,20,20
Section,4884.0,0,0,0,0,1440U5501_/0130,R,0,20,20
Section,4885.0,0,0,0,0,1440U5501_/0130,R,0,20,20
Section,4886.0,0,0,0,0,1440U5501_/0130,R,0,20,20
Section,4887.0,0,0,0,0,1440U5501_/0130,R,0,20,20
Section,4888.0,0,0,0,0,1440U5501_/0130,R,0,20,20
Section,4889.0,0,0,0,0,1440U5501_/0130,R,0,20,20
Section,4890.0,0,0,0,0,1440U5501_/0130,R,0,20,20
Section,4891.0,0,0,0,0,1440U5501_/0130,R,0,20,20
Section,4892.0,0,0,0,0,1440U5501_/0130,R,0,20,20
Section,4893.0,0,0,0,0,1440U5501_/0130,R,0,20,20
Section,4894.0,0,0,0,0,1440U5501_/0130,R,0,20,20
Section,4894.0,0,0,0,0,1440U5501_/0130,R,20,40,20
Section,4895.0,0,5,5,5,1440U5501_/0130,R,20,40,20
Section,4896.0,0,0,0,0,1440U5501_/0130,R,20,40,20
Section,4897.0,5,5,5,5,1440U5501_/0130,R,20,40,20
Section,4898.0,0,0,0,0,1440U5501_/0130,R,20,40,20
Section,4899.0,0,0,0,0,1440U5501_/0130,R,20,40,20
Section,4900.0,5,5,5,5,1440U5501_/0130,R,20,40,20
Section,4901.0,0,0,0,0,1440U5501_/0130,R,20,40,20
Section,4902.0,0,5,0,0,1440U5501_/0130,R,20,40,20
Section,4903.0,0,5,0,0,1440U5501_/0130,R,20,40,20
Section,4904.0,0,5,0,0,1440U5501_/0130,R,20,40,20
Section,4905.0,0,5,0,0,1440U5501_/0130,R,20,40,20
Section,4906.0,5,5,5,5,1440U5501_/0130,R,20,40,20
Section,4907.0,0,5,0,0,1440U5501_/0130,R,20,40,20
Section,4908.0,0,5,0,0,1440U5501_/0130,R,20,40,20
Section,4909.0,0,5,0,0,1440U5501_/0130,R,20,40,20
Section,4910.0,0,5,0,0,1440U5501_/0130,R,20,40,20
Section,4911.0,0,5,0,0,1440U5501_/0130,R,20,40,20
Section,4912.0,0,0,0,0,1440U5501_/0130,R,20,40,20
Section,4913.0,0,0,0,0,1440U5501_/0130,R,20,40,20
Section,4914.0,0,0,0,0,1440U5501_/0130,R,20,40,20
Section,4914.0,0,0,0,0,1440U5501_/0130,R,40,42,2
Section,4915.0,0,0,0,0,1440U5501_/0130,R,40,42,2
Section,4916.0,0,0,0,0,1440U5501_/0130,R,40,42,2
Section,4958.0,0,0,0,0,1440U5501_/0030,R,469,480,11
Section,4959.0,0,0,0,0,1440U5501_/0030,R,469,480,11
Section,4960.0,0,0,0,0,1440U5501_/0030,R,469,480,11
Section,4961.0,0,0,0,0,1440U5501_/0030,R,469,480,11
Section,4962.0,5,5,5,5,1440U5501_/0030,R,469,480,11
Section,4963.0,0,0,0,0,1440U5501_/0030,R,469,480,11
Section,4964.0,0,0,0,0,1440U5501_/0030,R,469,480,11
Section,4965.0,0,0,0,0,1440U5501_/0030,R,469,480,11
Section,4966.0,0,0,0,0,1440U5501_/0030,R,469,480,11
Section,4967.0,0,0,0,0,1440U5501_/0030,R,469,480,11
Section,4968.0,0,0,0,0,1440U5501_/0030,R,469,480,11
Section,4968.0,0,0,0,0,1440U5501_/0030,R,480,500,20
Section,4969.0,0,0,0,0,1440U5501_/0030,R,480,500,20
Section,4970.0,0,0,0,0,1440U5501_/0030,R,480,500,20
Section,4971.0,0,0,0,0,1440U5501_/0030,R,480,500,20
Section,4972.0,0,0,0,0,1440U5501_/0030,R,480,500,20
Section,4973.0,0,0,0,0,1440U5501_/0030,R,480,500,20
Section,4974.0,0,0,0,0,1440U5501_/0030,R,480,500,20
Section,4975.0,0,0,0,0,1440U5501_/0030,R,480,500,20
Section,4976.0,0,0,0,0,1440U5501_/0030,R,480,500,20
Section,4977.0,0,0,0,0,1440U5501_/0030,R,480,500,20
Section,4978.0,0,0,0,0,1440U5501_/0030,R,480,500,20
Section,4979.0,0,0,0,0,1440U5501_/0030,R,480,500,20
Section,4980.0,0,0,0,0,1440U5501_/0030,R,480,500,20
Section,4981.0,0,0,0,0,1440U5501_/0030,R,480,500,20
Section,4982.0,0,0,0,0,1440U5501_/0030,R,480,500,20
Section,4983.0,0,0,0,0,1440U5501_/0030,R,480,500,20
Section,4984.0,0,0,0,0,1440U5501_/0030,R,480,500,20
Section,4985.0,0,0,0,0,1440U5501_/0030,R,480,500,20
Section,4986.0,0,0,0,0,1440U5501_/0030,R,480,500,20
Section,4987.0,0,0,0,0,1440U5501_/0030,R,480,500,20
Section,4988.0,0,0,0,0,1440U5501_/0030,R,480,500,20
Section,4988.0,0,0,0,0,1440U5501_/0030,R,500,520,20
Section,4989.0,0,0,0,0,1440U5501_/0030,R,500,520,20
Section,4990.0,0,0,0,0,1440U5501_/0030,R,500,520,20
Section,4991.0,0,0,0,0,1440U5501_/0030,R,500,520,20
Section,4992.0,0,0,0,0,1440U5501_/0030,R,500,520,20
Section,4993.0,0,0,0,0,1440U5501_/0030,R,500,520,20
Section,4994.0,0,0,0,0,1440U5501_/0030,R,500,520,20
Section,4995.0,0,0,0,0,1440U5501_/0030,R,500,520,20
Section,4996.0,0,0,0,0,1440U5501_/0030,R,500,520,20
Section,4997.0,0,0,0,0,1440U5501_/0030,R,500,520,20
Section,4998.0,0,0,0,0,1440U5501_/0030,R,500,520,20
Section,4999.0,0,0,0,0,1440U5501_/0030,R,500,520,20
Section,5000.0,0,0,0,0,1440U5501_/0030,R,500,520,20
Section,5001.0,0,0,0,0,1440U5501_/0030,R,500,520,20
Section,5002.0,0,0,0,0,1440U5501_/0030,R,500,520,20
Section,5003.0,0,0,0,0,1440U5501_/0030,R,500,520,20
Section,5004.0,0,0,0,0,1440U5501_/0030,R,500,520,20
Section,5005.0,0,0,0,0,1440U5501_/0030,R,500,520,20
Section,5006.0,0,0,0,0,1440U5501_/0030,R,500,520,20
Section,5007.0,0,0,0,0,1440U5501_/0030,R,500,520,20
Section,5008.0,0,0,0,0,1440U5501_/0030,R,500,520,20
Section,5008.0,0,0,0,0,1440U5501_/0030,R,520,540,20
Section,5009.0,0,0,0,0,1440U5501_/0030,R,520,540,20
Section,5010.0,0,0,0,0,1440U5501_/0030,R,520,540,20
Section,5011.0,0,0,0,0,1440U5501_/0030,R,520,540,20
Section,5012.0,0,0,0,0,1440U5501_/0030,R,520,540,20
Section,5013.0,0,0,0,0,1440U5501_/0030,R,520,540,20
Section,5014.0,0,0,0,0,1440U5501_/0030,R,520,540,20
Section,5015.0,0,0,0,0,1440U5501_/0030,R,520,540,20
Section,5016.0,0,0,0,0,1440U5501_/0030,R,520,540,20
Section,5017.0,0,0,0,0,1440U5501_/0030,R,520,540,20
Section,5018.0,0,0,0,0,1440U5501_/0030,R,520,540,20
Section,5019.0,0,0,0,0,1440U5501_/0030,R,520,540,20
Section,5020.0,0,0,0,0,1440U5501_/0030,R,520,540,20
Section,5021.0,0,0,0,0,1440U5501_/0030,R,520,540,20
Section,5022.0,0,5,5,5,1440U5501_/0030,R,520,540,20
Section,5023.0,0,0,0,0,1440U5501_/0030,R,520,540,20
Section,5024.0,0,0,0,0,1440U5501_/0030,R,520,540,20
Section,5025.0,5,5,5,5,1440U5501_/0030,R,520,540,20
Section,5026.0,0,0,0,0,1440U5501_/0030,R,520,540,20
Section,5027.0,0,0,0,0,1440U5501_/0030,R,520,540,20
Section,5028.0,0,0,0,0,1440U5501_/0030,R,520,540,20
Section,5028.0,0,0,0,0,1440U5501_/0030,R,540,560,20
Section,5029.0,0,0,0,0,1440U5501_/0030,R,540,560,20
Section,5030.0,0,0,0,0,1440U5501_/0030,R,540,560,20
Section,5031.0,0,0,0,0,1440U5501_/0030,R,540,560,20
Section,5032.0,5,5,5,5,1440U5501_/0030,R,540,560,20
Section,5033.0,0,0,0,0,1440U5501_/0030,R,540,560,20
Section,5034.0,0,0,0,0,1440U5501_/0030,R,540,560,20
Section,5035.0,0,0,0,0,1440U5501_/0030,R,540,560,20
Section,5036.0,0,0,0,0,1440U5501_/0030,R,540,560,20
Section,5037.0,0,0,0,0,1440U5501_/0030,R,540,560,20
Section,5038.0,0,0,0,0,1440U5501_/0030,R,540,560,20
Section,5039.0,0,0,0,0,1440U5501_/0030,R,540,560,20
Section,5040.0,0,0,0,0,1440U5501_/0030,R,540,560,20
Section,5041.0,0,0,0,0,1440U5501_/0030,R,540,560,20
Section,5042.0,0,0,0,0,1440U5501_/0030,R,540,560,20
Section,5043.0,0,0,0,0,1440U5501_/0030,R,540,560,20
Section,5044.0,0,0,0,0,1440U5501_/0030,R,540,560,20
Section,5045.0,0,0,0,0,1440U5501_/0030,R,540,560,20
Section,5046.0,0,0,0,0,1440U5501_/0030,R,540,560,20
Section,5047.0,0,0,0,0,1440U5501_/0030,R,540,560,20
Section,5048.0,0,0,0,0,1440U5501_/0030,R,540,560,20
Section,5048.0,0,0,0,0,1440U5501_/0030,R,560,580,20
Section,5049.0,0,0,0,0,1440U5501_/0030,R,560,580,20
Section,5050.0,0,0,0,0,1440U5501_/0030,R,560,580,20
Section,5051.0,0,0,0,0,1440U5501_/0030,R,560,580,20
Section,5052.0,0,0,0,0,1440U5501_/0030,R,560,580,20
Section,5053.0,0,0,0,0,1440U5501_/0030,R,560,580,20
Section,5054.0,0,0,0,0,1440U5501_/0030,R,560,580,20
Section,5055.0,0,0,0,0,1440U5501_/0030,R,560,580,20
Section,5056.0,0,0,0,0,1440U5501_/0030,R,560,580,20
Section,5057.0,0,0,0,0,1440U5501_/0030,R,560,580,20
Section,5058.0,0,0,0,0,1440U5501_/0030,R,560,580,20
Section,5059.0,0,0,0,0,1440U5501_/0030,R,560,580,20
Section,5060.0,0,0,0,0,1440U5501_/0030,R,560,580,20
Section,5061.0,0,0,0,0,1440U5501_/0030,R,560,580,20
Section,5062.0,0,0,0,0,1440U5501_/0030,R,560,580,20
Section,5063.0,0,0,0,0,1440U5501_/0030,R,560,580,20
Section,5064.0,0,0,0,0,1440U5501_/0030,R,560,580,20
Section,5065.0,0,0,0,0,1440U5501_/0030,R,560,580,20
Section,5066.0,0,0,0,0,1440U5501_/0030,R,560,580,20
Section,5067.0,0,0,0,0,1440U5501_/0030,R,560,580,20
Section,5068.0,0,0,0,0,1440U5501_/0030,R,560,580,20
Section,5068.0,0,0,0,0,1440U5501_/0030,R,580,592,12
Section,5069.0,0,0,0,0,1440U5501_/0030,R,580,592,12
Section,5070.0,0,0,0,0,1440U5501_/0030,R,580,592,12
Section,5071.0,0,0,0,0,1440U5501_/0030,R,580,592,12
Section,5072.0,0,0,0,0,1440U5501_/0030,R,580,592,12
Section,5073.0,0,0,0,0,1440U5501_/0030,R,580,592,12
Section,5074.0,0,0,0,0,1440U5501_/0030,R,580,592,12
Section,5075.0,0,0,0,0,1440U5501_/0030,R,580,592,12
Section,5076.0,0,0,0,0,1440U5501_/0030,R,580,592,12
Section,5077.0,0,0,0,0,1440U5501_/0030,R,580,592,12
Section,5078.0,0,0,0,0,1440U5501_/0030,R,580,592,12
Section,5079.0,0,0,0,0,1440U5501_/0030,R,580,592,12
Section,5080.0,0,0,0,0,1440U5501_/0030,R,580,592,12
Section,5232.0,0,0,0,0,1440U5501_/0070,F,0,20,20
Section,5233.0,0,0,0,0,1440U5501_/0070,F,0,20,20
Section,5234.0,0,0,0,0,1440U5501_/0070,F,0,20,20
Section,5235.0,0,0,0,0,1440U5501_/0070,F,0,20,20
Section,5236.0,0,0,0,0,1440U5501_/0070,F,0,20,20
Section,5237.0,0,0,0,0,1440U5501_/0070,F,0,20,20
Section,5238.0,0,0,0,0,1440U5501_/0070,F,0,20,20
Section,5239.0,0,0,0,0,1440U5501_/0070,F,0,20,20
Section,5240.0,0,0,0,0,1440U5501_/0070,F,0,20,20
Section,5241.0,0,0,0,0,1440U5501_/0070,F,0,20,20
Section,5242.0,0,0,0,0,1440U5501_/0070,F,0,20,20
Section,5243.0,0,0,0,0,1440U5501_/0070,F,0,20,20
Section,5244.0,0,0,0,0,1440U5501_/0070,F,0,20,20
Section,5245.0,0,0,0,0,1440U5501_/0070,F,0,20,20
Section,5246.0,0,0,0,0,1440U5501_/0070,F,0,20,20
Section,5247.0,0,0,0,0,1440U5501_/0070,F,0,20,20
Section,5248.0,0,0,0,0,1440U5501_/0070,F,0,20,20
Section,5249.0,0,0,0,0,1440U5501_/0070,F,0,20,20
Section,5250.0,0,0,0,0,1440U5501_/0070,F,0,20,20
Section,5251.0,0,0,0,0,1440U5501_/0070,F,0,20,20
Section,5252.0,0,0,0,0,1440U5501_/0070,F,0,20,20
Section,5252.0,0,0,0,0,1440U5501_/0070,F,20,22,2
Section,5253.0,0,0,0,0,1440U5501_/0070,F,20,22,2
Section,5254.0,0,0,0,0,1440U5501_/0070,F,20,22,2
Section,5444.0,0,0,0,0,1440U5501_/0040,F,0,20,20
Section,5445.0,8,8,8,8,1440U5501_/0040,F,0,20,20
Section,5446.0,8,8,8,8,1440U5501_/0040,F,0,20,20
Section,5447.0,8,8,8,8,1440U5501_/0040,F,0,20,20
Section,5448.0,8,8,8,8,1440U5501_/0040,F,0,20,20
Section,5449.0,8,8,8,8,1440U5501_/0040,F,0,20,20
Section,5450.0,8,8,8,8,1440U5501_/0040,F,0,20,20
Section,5451.0,0,0,0,0,1440U5501_/0040,F,0,20,20
Section,5452.0,0,0,0,0,1440U5501_/0040,F,0,20,20
Section,5453.0,0,0,0,0,1440U5501_/0040,F,0,20,20
Section,5454.0,0,0,0,0,1440U5501_/0040,F,0,20,20
Section,5455.0,0,0,0,0,1440U5501_/0040,F,0,20,20
Section,5456.0,0,0,0,0,1440U5501_/0040,F,0,20,20
Section,5457.0,0,0,0,0,1440U5501_/0040,F,0,20,20
Section,5458.0,0,0,0,0,1440U5501_/0040,F,0,20,20
Section,5459.0,0,0,0,0,1440U5501_/0040,F,0,20,20
Section,5460.0,0,0,0,0,1440U5501_/0040,F,0,20,20
Section,5461.0,0,0,0,0,1440U5501_/0040,F,0,20,20
Section,5462.0,0,0,0,0,1440U5501_/0040,F,0,20,20
Section,5463.0,0,0,0,0,1440U5501_/0040,F,0,20,20
Section,5464.0,0,0,0,0,1440U5501_/0040,F,0,20,20
Section,5464.0,0,0,0,0,1440U5501_/0040,F,20,40,20
Section,5465.0,0,0,0,0,1440U5501_/0040,F,20,40,20
Section,5466.0,0,0,0,0,1440U5501_/0040,F,20,40,20
Section,5467.0,0,0,0,0,1440U5501_/0040,F,20,40,20
Section,5468.0,0,0,0,0,1440U5501_/0040,F,20,40,20
Section,5469.0,0,0,0,0,1440U5501_/0040,F,20,40,20
Section,5470.0,0,0,0,0,1440U5501_/0040,F,20,40,20
Section,5471.0,8,8,8,8,1440U5501_/0040,F,20,40,20
Section,5472.0,8,8,8,8,1440U5501_/0040,F,20,40,20
Section,5473.0,8,8,8,8,1440U5501_/0040,F,20,40,20
Section,5474.0,0,0,0,0,1440U5501_/0040,F,20,40,20
Section,5475.0,0,0,0,0,1440U5501_/0040,F,20,40,20
Section,5476.0,0,0,0,0,1440U5501_/0040,F,20,40,20
Section,5477.0,0,0,0,0,1440U5501_/0040,F,20,40,20
Section,5478.0,5,5,5,5,1440U5501_/0040,F,20,40,20
Section,5479.0,0,0,0,0,1440U5501_/0040,F,20,40,20
Section,5480.0,0,0,0,0,1440U5501_/0040,F,20,40,20
Section,5481.0,0,0,0,0,1440U5501_/0040,F,20,40,20
Section,5482.0,0,0,0,0,1440U5501_/0040,F,20,40,20
Section,5483.0,0,0,0,0,1440U5501_/0040,F,20,40,20
Section,5484.0,0,0,0,0,1440U5501_/0040,F,20,40,20
Section,5484.0,0,0,0,0,1440U5501_/0040,F,40,60,20
Section,5485.0,0,0,0,0,1440U5501_/0040,F,40,60,20
Section,5486.0,0,0,0,0,1440U5501_/0040,F,40,60,20
Section,5487.0,0,0,0,0,1440U5501_/0040,F,40,60,20
Section,5488.0,0,0,0,0,1440U5501_/0040,F,40,60,20
Section,5489.0,0,0,0,0,1440U5501_/0040,F,40,60,20
Section,5490.0,0,0,0,0,1440U5501_/0040,F,40,60,20
Section,5491.0,0,0,0,0,1440U5501_/0040,F,40,60,20
Section,5492.0,0,0,0,0,1440U5501_/0040,F,40,60,20
Section,5493.0,0,0,0,0,1440U5501_/0040,F,40,60,20
Section,5494.0,0,0,0,0,1440U5501_/0040,F,40,60,20
Section,5495.0,0,0,0,0,1440U5501_/0040,F,40,60,20
Section,5496.0,0,0,0,0,1440U5501_/0040,F,40,60,20
Section,5497.0,0,0,0,0,1440U5501_/0040,F,40,60,20
Section,5498.0,0,0,0,0,1440U5501_/0040,F,40,60,20
Section,5499.0,0,0,0,0,1440U5501_/0040,F,40,60,20
Section,5500.0,0,0,0,0,1440U5501_/0040,F,40,60,20
Section,5501.0,0,0,0,0,1440U5501_/0040,F,40,60,20
Section,5502.0,0,0,0,0,1440U5501_/0040,F,40,60,20
Section,5503.0,0,0,0,0,1440U5501_/0040,F,40,60,20
Section,5504.0,0,0,0,0,1440U5501_/0040,F,40,60,20
Section,5504.0,0,0,0,0,1440U5501_/0040,F,60,64,4
Section,5505.0,0,0,0,0,1440U5501_/0040,F,60,64,4
Section,5506.0,0,0,0,0,1440U5501_/0040,F,60,64,4
Section,5507.0,0,0,0,0,1440U5501_/0040,F,60,64,4
Section,5508.0,0,0,0,0,1440U5501_/0040,F,60,64,4
Section,5508.0,0,0,0,0,1440U5501_/0060,R,0,20,20
Section,5509.0,0,0,0,0,1440U5501_/0060,R,0,20,20
Section,5510.0,5,5,5,5,1440U5501_/0060,R,0,20,20
Section,5511.0,3,5,5,5,1440U5501_/0060,R,0,20,20
Section,5512.0,3,0,0,0,1440U5501_/0060,R,0,20,20
Section,5513.0,3,0,0,0,1440U5501_/0060,R,0,20,20
Section,5514.0,3,0,0,0,1440U5501_/0060,R,0,20,20
Section,5515.0,3,0,0,0,1440U5501_/0060,R,0,20,20
Section,5516.0,3,0,0,0,1440U5501_/0060,R,0,20,20
Section,5517.0,3,0,0,0,1440U5501_/0060,R,0,20,20
Section,5518.0,3,0,0,0,1440U5501_/0060,R,0,20,20
Section,5519.0,3,0,0,0,1440U5501_/0060,R,0,20,20
Section,5520.0,3,0,0,0,1440U5501_/0060,R,0,20,20
Section,5521.0,3,0,0,0,1440U5501_/0060,R,0,20,20
Section,5522.0,3,0,0,0,1440U5501_/0060,R,0,20,20
Section,5523.0,3,0,0,0,1440U5501_/0060,R,0,20,20
Section,5524.0,3,0,0,0,1440U5501_/0060,R,0,20,20
Section,5525.0,3,0,0,0,1440U5501_/0060,R,0,20,20
Section,5526.0,3,0,0,0,1440U5501_/0060,R,0,20,20
Section,5527.0,3,0,0,0,1440U5501_/0060,R,0,20,20
Section,5528.0,3,0,0,0,1440U5501_/0060,R,0,20,20
Section,5528.0,3,0,0,0,1440U5501_/0060,R,20,40,20
Section,5529.0,3,0,0,0,1440U5501_/0060,R,20,40,20
Section,5530.0,0,0,0,0,1440U5501_/0060,R,20,40,20
Section,5531.0,0,0,0,0,1440U5501_/0060,R,20,40,20
Section,5532.0,0,0,0,0,1440U5501_/0060,R,20,40,20
Section,5533.0,0,0,0,0,1440U5501_/0060,R,20,40,20
Section,5534.0,3,3,3,3,1440U5501_/0060,R,20,40,20
Section,5535.0,0,0,0,0,1440U5501_/0060,R,20,40,20
Section,5536.0,0,0,0,0,1440U5501_/0060,R,20,40,20
Section,5537.0,0,0,0,0,1440U5501_/0060,R,20,40,20
Section,5538.0,0,0,0,0,1440U5501_/0060,R,20,40,20
Section,5539.0,0,0,0,0,1440U5501_/0060,R,20,40,20
Section,5540.0,0,0,0,0,1440U5501_/0060,R,20,40,20
Section,5541.0,0,0,0,0,1440U5501_/0060,R,20,40,20
Section,5542.0,0,0,0,0,1440U5501_/0060,R,20,40,20
Section,5543.0,0,0,0,0,1440U5501_/0060,R,20,40,20
Section,5544.0,0,0,0,0,1440U5501_/0060,R,20,40,20
Section,5545.0,0,0,0,0,1440U5501_/0060,R,20,40,20
Section,5546.0,0,0,0,0,1440U5501_/0060,R,20,40,20
Section,5547.0,0,0,0,0,1440U5501_/0060,R,20,40,20
Section,5548.0,0,0,0,0,1440U5501_/0060,R,20,40,20
Section,5548.0,0,0,0,0,1440U5501_/0060,R,40,60,20
Section,5549.0,0,0,0,0,1440U5501_/0060,R,40,60,20
Section,5550.0,0,0,0,0,1440U5501_/0060,R,40,60,20
Section,5551.0,0,0,0,0,1440U5501_/0060,R,40,60,20
Section,5552.0,0,0,0,0,1440U5501_/0060,R,40,60,20
Section,5553.0,0,0,0,0,1440U5501_/0060,R,40,60,20
Section,5554.0,0,0,0,0,1440U5501_/0060,R,40,60,20
Section,5555.0,5,5,5,5,1440U5501_/0060,R,40,60,20
Section,5556.0,0,0,0,0,1440U5501_/0060,R,40,60,20
Section,5557.0,0,0,0,0,1440U5501_/0060,R,40,60,20
Section,5558.0,0,0,0,0,1440U5501_/0060,R,40,60,20
Section,5559.0,0,0,0,0,1440U5501_/0060,R,40,60,20
Section,5560.0,0,0,0,0,1440U5501_/0060,R,40,60,20
Section,5561.0,0,0,0,0,1440U5501_/0060,R,40,60,20
Section,5562.0,0,0,0,0,1440U5501_/0060,R,40,60,20
Section,5563.0,0,0,0,0,1440U5501_/0060,R,40,60,20
Section,5564.0,0,0,0,0,1440U5501_/0060,R,40,60,20
Section,5565.0,0,0,0,0,1440U5501_/0060,R,40,60,20
Section,5566.0,0,0,0,0,1440U5501_/0060,R,40,60,20
Section,5567.0,5,5,5,5,1440U5501_/0060,R,40,60,20
Section,5568.0,0,0,0,0,1440U5501_/0060,R,40,60,20
Section,5568.0,0,0,0,0,1440U5501_/0060,R,60,80,20
Section,5569.0,0,0,0,0,1440U5501_/0060,R,60,80,20
Section,5570.0,0,0,0,0,1440U5501_/0060,R,60,80,20
Section,5571.0,0,0,0,0,1440U5501_/0060,R,60,80,20
Section,5572.0,0,0,0,0,1440U5501_/0060,R,60,80,20
Section,5573.0,0,0,0,0,1440U5501_/0060,R,60,80,20
Section,5574.0,0,0,0,0,1440U5501_/0060,R,60,80,20
Section,5575.0,0,0,0,0,1440U5501_/0060,R,60,80,20
Section,5576.0,0,0,0,0,1440U5501_/0060,R,60,80,20
Section,5577.0,0,0,0,0,1440U5501_/0060,R,60,80,20
Section,5578.0,0,0,0,0,1440U5501_/0060,R,60,80,20
Section,5579.0,0,0,0,0,1440U5501_/0060,R,60,80,20
Section,5580.0,0,0,0,0,1440U5501_/0060,R,60,80,20
Section,5581.0,5,5,5,5,1440U5501_/0060,R,60,80,20
Section,5582.0,0,0,0,0,1440U5501_/0060,R,60,80,20
Section,5583.0,0,0,0,0,1440U5501_/0060,R,60,80,20
Section,5584.0,0,0,0,0,1440U5501_/0060,R,60,80,20
Section,5585.0,5,5,5,5,1440U5501_/0060,R,60,80,20
Section,5586.0,0,0,0,0,1440U5501_/0060,R,60,80,20
Section,5587.0,0,0,0,0,1440U5501_/0060,R,60,80,20
Section,5588.0,0,0,0,0,1440U5501_/0060,R,60,80,20
Section,5588.0,0,0,0,0,1440U5501_/0060,R,80,100,20
Section,5589.0,0,0,0,0,1440U5501_/0060,R,80,100,20
Section,5590.0,0,0,0,0,1440U5501_/0060,R,80,100,20
Section,5591.0,0,0,0,0,1440U5501_/0060,R,80,100,20
Section,5592.0,5,5,5,5,1440U5501_/0060,R,80,100,20
Section,5593.0,0,0,0,0,1440U5501_/0060,R,80,100,20
Section,5594.0,0,0,0,0,1440U5501_/0060,R,80,100,20
Section,5595.0,0,0,0,0,1440U5501_/0060,R,80,100,20
Section,5596.0,0,0,0,0,1440U5501_/0060,R,80,100,20
Section,5597.0,0,0,0,0,1440U5501_/0060,R,80,100,20
Section,5598.0,5,5,5,5,1440U5501_/0060,R,80,100,20
Section,5599.0,0,0,0,0,1440U5501_/0060,R,80,100,20
Section,5600.0,0,0,0,0,1440U5501_/0060,R,80,100,20
Section,5601.0,0,0,0,0,1440U5501_/0060,R,80,100,20
Section,5602.0,5,5,5,5,1440U5501_/0060,R,80,100,20
Section,5603.0,0,0,0,0,1440U5501_/0060,R,80,100,20
Section,5604.0,0,0,0,0,1440U5501_/0060,R,80,100,20
Section,5605.0,0,0,0,0,1440U5501_/0060,R,80,100,20
Section,5606.0,0,0,0,0,1440U5501_/0060,R,80,100,20
Section,5607.0,5,5,5,5,1440U5501_/0060,R,80,100,20
Section,5608.0,0,0,0,0,1440U5501_/0060,R,80,100,20
Section,5608.0,0,0,0,0,1440U5501_/0060,R,100,120,20
Section,5609.0,0,0,0,0,1440U5501_/0060,R,100,120,20
Section,5610.0,0,0,0,0,1440U5501_/0060,R,100,120,20
Section,5611.0,0,0,0,0,1440U5501_/0060,R,100,120,20
Section,5612.0,0,0,0,0,1440U5501_/0060,R,100,120,20
Section,5613.0,0,0,0,0,1440U5501_/0060,R,100,120,20
Section,5614.0,0,0,0,0,1440U5501_/0060,R,100,120,20
Section,5615.0,0,0,0,0,1440U5501_/0060,R,100,120,20
Section,5616.0,0,0,0,0,1440U5501_/0060,R,100,120,20
Section,5617.0,5,5,5,5,1440U5501_/0060,R,100,120,20
Section,5618.0,0,0,0,0,1440U5501_/0060,R,100,120,20
Section,5619.0,0,0,0,0,1440U5501_/0060,R,100,120,20
Section,5620.0,0,0,0,0,1440U5501_/0060,R,100,120,20
Section,5621.0,0,0,0,0,1440U5501_/0060,R,100,120,20
Section,5622.0,0,0,0,0,1440U5501_/0060,R,100,120,20
Section,5623.0,0,0,0,0,1440U5501_/0060,R,100,120,20
Section,5624.0,0,0,0,0,1440U5501_/0060,R,100,120,20
Section,5625.0,0,0,0,5,1440U5501_/0060,R,100,120,20
Section,5626.0,0,0,0,5,1440U5501_/0060,R,100,120,20
Section,5627.0,5,5,5,5,1440U5501_/0060,R,100,120,20
Section,5628.0,0,0,0,5,1440U5501_/0060,R,100,120,20
Section,5628.0,0,0,0,5,1440U5501_/0060,R,120,140,20
Section,5629.0,0,0,0,5,1440U5501_/0060,R,120,140,20
Section,5630.0,5,5,5,5,1440U5501_/0060,R,120,140,20
Section,5631.0,0,0,0,0,1440U5501_/0060,R,120,140,20
Section,5632.0,0,0,0,0,1440U5501_/0060,R,120,140,20
Section,5633.0,0,0,0,0,1440U5501_/0060,R,120,140,20
Section,5634.0,0,0,0,0,1440U5501_/0060,R,120,140,20
Section,5635.0,0,0,0,0,1440U5501_/0060,R,120,140,20
Section,5636.0,0,0,0,0,1440U5501_/0060,R,120,140,20
Section,5637.0,5,5,5,5,1440U5501_/0060,R,120,140,20
Section,5638.0,0,0,0,0,1440U5501_/0060,R,120,140,20
Section,5639.0,0,0,0,0,1440U5501_/0060,R,120,140,20
Section,5640.0,0,0,5,0,1440U5501_/0060,R,120,140,20
Section,5641.0,0,0,5,0,1440U5501_/0060,R,120,140,20
Section,5642.0,5,5,5,5,1440U5501_/0060,R,120,140,20
Section,5643.0,0,0,5,0,1440U5501_/0060,R,120,140,20
Section,5644.0,0,0,5,0,1440U5501_/0060,R,120,140,20
Section,5645.0,5,5,5,5,1440U5501_/0060,R,120,140,20
Section,5646.0,0,0,0,0,1440U5501_/0060,R,120,140,20
Section,5647.0,0,0,0,0,1440U5501_/0060,R,120,140,20
Section,5648.0,0,0,5,0,1440U5501_/0060,R,120,140,20
Section,5648.0,0,0,5,0,1440U5501_/0060,R,140,154,14
Section,5649.0,0,0,5,0,1440U5501_/0060,R,140,154,14
Section,5650.0,0,0,5,0,1440U5501_/0060,R,140,154,14
Section,5651.0,0,0,5,0,1440U5501_/0060,R,140,154,14
Section,5652.0,5,5,5,5,1440U5501_/0060,R,140,154,14
Section,5653.0,0,0,5,0,1440U5501_/0060,R,140,154,14
Section,5654.0,0,0,5,0,1440U5501_/0060,R,140,154,14
Section,5655.0,0,0,5,0,1440U5501_/0060,R,140,154,14
Section,5656.0,0,0,5,0,1440U5501_/0060,R,140,154,14
Section,5657.0,0,0,0,0,1440U5501_/0060,R,140,154,14
Section,5658.0,0,0,0,0,1440U5501_/0060,R,140,154,14
Section,5659.0,0,0,0,0,1440U5501_/0060,R,140,154,14
Section,5660.0,0,0,0,0,1440U5501_/0060,R,140,154,14
Section,5661.0,0,0,0,0,1440U5501_/0060,R,140,154,14
Section,5662.0,0,0,0,0,1440U5501_/0060,R,140,154,14
Section,5794.0,3,0,0,0,1440U5501_/0040,F,64,80,16
Section,5795.0,3,12,0,13,1440U5501_/0040,F,64,80,16
Section,5796.0,3,0,0,0,1440U5501_/0040,F,64,80,16
Section,5797.0,3,0,0,0,1440U5501_/0040,F,64,80,16
Section,5798.0,3,0,0,0,1440U5501_/0040,F,64,80,16
Section,5799.0,3,0,0,0,1440U5501_/0040,F,64,80,16
Section,5800.0,3,0,0,0,1440U5501_/0040,F,64,80,16
Section,5801.0,3,0,0,0,1440U5501_/0040,F,64,80,16
Section,5802.0,3,0,0,0,1440U5501_/0040,F,64,80,16
Section,5803.0,3,0,0,0,1440U5501_/0040,F,64,80,16
Section,5804.0,3,12,13,0,1440U5501_/0040,F,64,80,16
Section,5805.0,3,0,0,0,1440U5501_/0040,F,64,80,16
Section,5806.0,3,0,0,0,1440U5501_/0040,F,64,80,16
Section,5807.0,0,0,0,0,1440U5501_/0040,F,64,80,16
Section,5808.0,0,0,0,0,1440U5501_/0040,F,64,80,16
Section,5809.0,0,0,0,0,1440U5501_/0040,F,64,80,16
Section,5810.0,0,0,0,0,1440U5501_/0040,F,64,80,16
Section,5810.0,0,0,0,0,1440U5501_/0040,F,80,100,20
Section,5811.0,0,0,0,0,1440U5501_/0040,F,80,100,20
Section,5812.0,0,0,0,12,1440U5501_/0040,F,80,100,20
Section,5813.0,0,0,0,0,1440U5501_/0040,F,80,100,20
Section,5814.0,0,0,0,0,1440U5501_/0040,F,80,100,20
Section,5815.0,0,0,0,0,1440U5501_/0040,F,80,100,20
Section,5816.0,13,0,0,0,1440U5501_/0040,F,80,100,20
Section,5817.0,0,0,0,0,1440U5501_/0040,F,80,100,20
Section,5818.0,0,0,0,0,1440U5501_/0040,F,80,100,20
Section,5819.0,0,0,0,0,1440U5501_/0040,F,80,100,20
Section,5820.0,0,0,0,0,1440U5501_/0040,F,80,100,20
Section,5821.0,0,0,0,0,1440U5501_/0040,F,80,100,20
Section,5822.0,0,0,0,0,1440U5501_/0040,F,80,100,20
Section,5823.0,0,0,0,0,1440U5501_/0040,F,80,100,20
Section,5824.0,0,0,0,0,1440U5501_/0040,F,80,100,20
Section,5825.0,0,0,0,0,1440U5501_/0040,F,80,100,20
Section,5826.0,0,0,0,0,1440U5501_/0040,F,80,100,20
Section,5827.0,0,0,0,0,1440U5501_/0040,F,80,100,20
Section,5828.0,0,0,0,0,1440U5501_/0040,F,80,100,20
Section,5829.0,0,0,0,13,1440U5501_/0040,F,80,100,20
Section,5830.0,0,0,0,0,1440U5501_/0040,F,80,100,20
Section,5830.0,0,0,0,0,1440U5501_/0040,F,100,120,20
Section,5831.0,0,0,0,0,1440U5501_/0040,F,100,120,20
Section,5832.0,0,0,0,0,1440U5501_/0040,F,100,120,20
Section,5833.0,0,0,0,0,1440U5501_/0040,F,100,120,20
Section,5834.0,12,0,0,13,1440U5501_/0040,F,100,120,20
Section,5835.0,0,0,0,0,1440U5501_/0040,F,100,120,20
Section,5836.0,0,0,0,0,1440U5501_/0040,F,100,120,20
Section,5837.0,0,0,0,0,1440U5501_/0040,F,100,120,20
Section,5838.0,0,0,0,0,1440U5501_/0040,F,100,120,20
Section,5839.0,0,0,0,0,1440U5501_/0040,F,100,120,20
Section,5840.0,0,0,0,0,1440U5501_/0040,F,100,120,20
Section,5841.0,0,0,0,0,1440U5501_/0040,F,100,120,20
Section,5842.0,0,0,0,0,1440U5501_/0040,F,100,120,20
Section,5843.0,0,0,0,0,1440U5501_/0040,F,100,120,20
Section,5844.0,0,0,0,0,1440U5501_/0040,F,100,120,20
Section,5845.0,0,0,0,0,1440U5501_/0040,F,100,120,20
Section,5846.0,0,0,0,0,1440U5501_/0040,F,100,120,20
Section,5847.0,0,0,0,0,1440U5501_/0040,F,100,120,20
Section,5848.0,0,0,0,0,1440U5501_/0040,F,100,120,20
Section,5849.0,0,0,0,0,1440U5501_/0040,F,100,120,20
Section,5850.0,0,13,12,0,1440U5501_/0040,F,100,120,20
Section,5850.0,0,13,12,0,1440U5501_/0040,F,120,131,11
Section,5851.0,0,0,0,0,1440U5501_/0040,F,120,131,11
Section,5852.0,0,0,0,0,1440U5501_/0040,F,120,131,11
Section,5853.0,0,0,0,0,1440U5501_/0040,F,120,131,11
Section,5854.0,0,0,0,0,1440U5501_/0040,F,120,131,11
Section,5855.0,5,5,5,5,1440U5501_/0040,F,120,131,11
Section,5856.0,0,0,0,0,1440U5501_/0040,F,120,131,11
Section,5857.0,0,0,0,0,1440U5501_/0040,F,120,131,11
Section,5858.0,0,0,0,0,1440U5501_/0040,F,120,131,11
Section,5859.0,0,0,0,0,1440U5501_/0040,F,120,131,11
Section,5860.0,0,0,0,0,1440U5501_/0040,F,120,131,11
Section,5861.0,0,0,0,0,1440U5501_/0040,F,120,131,11
Section,5919.0,0,0,0,0,1440U5501_/0022,R,0,20,20
Section,5920.0,0,0,0,0,1440U5501_/0022,R,0,20,20
Section,5921.0,0,0,0,0,1440U5501_/0022,R,0,20,20
Section,5922.0,0,0,0,0,1440U5501_/0022,R,0,20,20
Section,5923.0,5,5,5,5,1440U5501_/0022,R,0,20,20
Section,5924.0,0,0,0,0,1440U5501_/0022,R,0,20,20
Section,5925.0,0,0,0,0,1440U5501_/0022,R,0,20,20
Section,5926.0,0,0,0,0,1440U5501_/0022,R,0,20,20
Section,5927.0,0,0,0,0,1440U5501_/0022,R,0,20,20
Section,5928.0,0,0,0,0,1440U5501_/0022,R,0,20,20
Section,5929.0,0,0,0,0,1440U5501_/0022,R,0,20,20
Section,5930.0,0,0,0,0,1440U5501_/0022,R,0,20,20
Section,5931.0,0,0,0,0,1440U5501_/0022,R,0,20,20
Section,5932.0,0,0,0,0,1440U5501_/0022,R,0,20,20
Section,5933.0,0,12,13,0,1440U5501_/0022,R,0,20,20
Section,5934.0,0,0,0,0,1440U5501_/0022,R,0,20,20
Section,5935.0,0,0,0,0,1440U5501_/0022,R,0,20,20
Section,5936.0,0,0,0,0,1440U5501_/0022,R,0,20,20
Section,5937.0,0,0,0,0,1440U5501_/0022,R,0,20,20
Section,5938.0,0,0,0,0,1440U5501_/0022,R,0,20,20
Section,5939.0,0,0,0,0,1440U5501_/0022,R,0,20,20
Section,5939.0,0,0,0,0,1440U5501_/0022,R,20,40,20
Section,5940.0,0,0,0,0,1440U5501_/0022,R,20,40,20
Section,5941.0,0,0,0,0,1440U5501_/0022,R,20,40,20
Section,5942.0,0,0,0,0,1440U5501_/0022,R,20,40,20
Section,5943.0,0,0,0,0,1440U5501_/0022,R,20,40,20
Section,5944.0,0,0,0,0,1440U5501_/0022,R,20,40,20
Section,5945.0,0,0,0,0,1440U5501_/0022,R,20,40,20
Section,5946.0,0,0,0,13,1440U5501_/0022,R,20,40,20
Section,5947.0,0,0,12,0,1440U5501_/0022,R,20,40,20
Section,5948.0,0,0,0,0,1440U5501_/0022,R,20,40,20
Section,5949.0,0,0,0,0,1440U5501_/0022,R,20,40,20
Section,5950.0,0,0,0,0,1440U5501_/0022,R,20,40,20
Section,5951.0,0,0,0,0,1440U5501_/0022,R,20,40,20
Section,5952.0,0,0,0,0,1440U5501_/0022,R,20,40,20
Section,5953.0,0,0,0,0,1440U5501_/0022,R,20,40,20
Section,5954.0,0,0,0,0,1440U5501_/0022,R,20,40,20
Section,5955.0,0,0,0,0,1440U5501_/0022,R,20,40,20
Section,5956.0,12,0,13,0,1440U5501_/0022,R,20,40,20
Section,5957.0,0,0,0,0,1440U5501_/0022,R,20,40,20
Section,5958.0,0,0,0,0,1440U5501_/0022,R,20,40,20
Section,5959.0,0,0,0,0,1440U5501_/0022,R,20,40,20
Section,5959.0,0,0,0,0,1440U5501_/0022,R,40,60,20
Section,5960.0,0,0,0,0,1440U5501_/0022,R,40,60,20
Section,5961.0,0,0,0,0,1440U5501_/0022,R,40,60,20
Section,5962.0,0,12,13,0,1440U5501_/0022,R,40,60,20
Section,5963.0,0,0,0,0,1440U5501_/0022,R,40,60,20
Section,5964.0,0,0,0,0,1440U5501_/0022,R,40,60,20
Section,5965.0,0,0,0,0,1440U5501_/0022,R,40,60,20
Section,5966.0,0,0,0,0,1440U5501_/0022,R,40,60,20
Section,5967.0,0,0,0,0,1440U5501_/0022,R,40,60,20
Section,5968.0,0,0,0,0,1440U5501_/0022,R,40,60,20
Section,5969.0,0,0,0,0,1440U5501_/0022,R,40,60,20
Section,5970.0,0,0,0,0,1440U5501_/0022,R,40,60,20
Section,5971.0,0,0,0,0,1440U5501_/0022,R,40,60,20
Section,5972.0,0,0,0,0,1440U5501_/0022,R,40,60,20
Section,5973.0,0,0,0,13,1440U5501_/0022,R,40,60,20
Section,5974.0,0,12,12,0,1440U5501_/0022,R,40,60,20
Section,5975.0,0,0,0,0,1440U5501_/0022,R,40,60,20
Section,5976.0,0,0,0,0,1440U5501_/0022,R,40,60,20
Section,5977.0,0,0,0,0,1440U5501_/0022,R,40,60,20
Section,5978.0,0,0,0,0,1440U5501_/0022,R,40,60,20
Section,5979.0,0,0,0,0,1440U5501_/0022,R,40,60,20
Section,5979.0,0,0,0,0,1440U5501_/0022,R,60,70,10
Section,5980.0,0,0,0,0,1440U5501_/0022,R,60,70,10
Section,5981.0,0,0,0,0,1440U5501_/0022,R,60,70,10
Section,5982.0,0,0,0,0,1440U5501_/0022,R,60,70,10
Section,5983.0,0,0,0,0,1440U5501_/0022,R,60,70,10
Section,5984.0,0,5,5,5,1440U5501_/0022,R,60,70,10
Section,5985.0,0,0,0,0,1440U5501_/0022,R,60,70,10
Section,5986.0,0,0,0,0,1440U5501_/0022,R,60,70,10
Section,5987.0,0,0,0,0,1440U5501_/0022,R,60,70,10
Section,5988.0,0,0,0,0,1440U5501_/0022,R,60,70,10
Section,5989.0,0,0,0,0,1440U5501_/0022,R,60,70,10
Section,6428.0,0,0,0,0,1440U5501_/0010,F,232,240,8
Section,6429.0,0,5,5,0,1440U5501_/0010,F,232,240,8
Section,6430.0,0,5,5,0,1440U5501_/0010,F,232,240,8
Section,6431.0,0,5,5,0,1440U5501_/0010,F,232,240,8
Section,6432.0,0,5,5,0,1440U5501_/0010,F,232,240,8
Section,6433.0,0,0,0,0,1440U5501_/0010,F,232,240,8
Section,6434.0,0,5,5,0,1440U5501_/0010,F,232,240,8
Section,6435.0,0,5,5,0,1440U5501_/0010,F,232,240,8
Section,6436.0,0,5,5,0,1440U5501_/0010,F,232,240,8
Section,6436.0,0,5,5,0,1440U5501_/0010,F,240,260,20
Section,6437.0,0,5,5,0,1440U5501_/0010,F,240,260,20
Section,6438.0,0,5,5,0,1440U5501_/0010,F,240,260,20
Section,6439.0,0,5,5,0,1440U5501_/0010,F,240,260,20
Section,6440.0,0,5,5,0,1440U5501_/0010,F,240,260,20
Section,6441.0,0,0,0,0,1440U5501_/0010,F,240,260,20
Section,6442.0,0,0,0,0,1440U5501_/0010,F,240,260,20
Section,6443.0,0,0,0,0,1440U5501_/0010,F,240,260,20
Section,6444.0,0,0,0,0,1440U5501_/0010,F,240,260,20
Section,6445.0,0,0,0,0,1440U5501_/0010,F,240,260,20
Section,6446.0,0,0,0,0,1440U5501_/0010,F,240,260,20
Section,6447.0,0,0,0,0,1440U5501_/0010,F,240,260,20
Section,6448.0,0,0,0,0,1440U5501_/0010,F,240,260,20
Section,6449.0,0,0,0,0,1440U5501_/0010,F,240,260,20
Section,6450.0,0,0,0,0,1440U5501_/0010,F,240,260,20
Section,6451.0,0,0,0,0,1440U5501_/0010,F,240,260,20
Section,6452.0,0,0,0,0,1440U5501_/0010,F,240,260,20
Section,6453.0,0,0,0,0,1440U5501_/0010,F,240,260,20
Section,6454.0,0,0,0,0,1440U5501_/0010,F,240,260,20
Section,6455.0,0,0,0,0,1440U5501_/0010,F,240,260,20
Section,6456.0,0,0,0,0,1440U5501_/0010,F,240,260,20
Section,6456.0,0,0,0,0,1440U5501_/0010,F,260,280,20
Section,6457.0,0,0,0,0,1440U5501_/0010,F,260,280,20
Section,6458.0,0,0,0,0,1440U5501_/0010,F,260,280,20
Section,6459.0,0,0,0,0,1440U5501_/0010,F,260,280,20
Section,6460.0,0,0,0,0,1440U5501_/0010,F,260,280,20
Section,6461.0,0,0,0,0,1440U5501_/0010,F,260,280,20
Section,6462.0,0,0,0,0,1440U5501_/0010,F,260,280,20
Section,6463.0,0,0,0,0,1440U5501_/0010,F,260,280,20
Section,6464.0,0,0,0,0,1440U5501_/0010,F,260,280,20
Section,6465.0,0,0,0,0,1440U5501_/0010,F,260,280,20
Section,6466.0,0,0,0,0,1440U5501_/0010,F,260,280,20
Section,6467.0,0,0,0,0,1440U5501_/0010,F,260,280,20
Section,6468.0,0,0,0,0,1440U5501_/0010,F,260,280,20
Section,6469.0,0,0,0,0,1440U5501_/0010,F,260,280,20
Section,6470.0,0,0,0,0,1440U5501_/0010,F,260,280,20
Section,6471.0,0,0,0,0,1440U5501_/0010,F,260,280,20
Section,6472.0,0,0,0,0,1440U5501_/0010,F,260,280,20
Section,6473.0,0,0,0,0,1440U5501_/0010,F,260,280,20
Section,6474.0,0,0,0,0,1440U5501_/0010,F,260,280,20
Section,6475.0,0,0,0,0,1440U5501_/0010,F,260,280,20
Section,6476.0,0,0,0,0,1440U5501_/0010,F,260,280,20
Section,6476.0,0,0,0,0,1440U5501_/0010,F,280,300,20
Section,6477.0,0,0,0,0,1440U5501_/0010,F,280,300,20
Section,6478.0,0,0,0,0,1440U5501_/0010,F,280,300,20
Section,6479.0,0,0,0,0,1440U5501_/0010,F,280,300,20
Section,6480.0,0,0,0,0,1440U5501_/0010,F,280,300,20
Section,6481.0,0,0,0,0,1440U5501_/0010,F,280,300,20
Section,6482.0,0,0,0,0,1440U5501_/0010,F,280,300,20
Section,6483.0,0,0,0,0,1440U5501_/0010,F,280,300,20
Section,6484.0,0,0,0,0,1440U5501_/0010,F,280,300,20
Section,6485.0,0,0,0,0,1440U5501_/0010,F,280,300,20
Section,6486.0,0,0,0,0,1440U5501_/0010,F,280,300,20
Section,6487.0,0,0,0,0,1440U5501_/0010,F,280,300,20
Section,6488.0,0,0,0,0,1440U5501_/0010,F,280,300,20
Section,6489.0,0,0,0,0,1440U5501_/0010,F,280,300,20
Section,6490.0,0,0,0,0,1440U5501_/0010,F,280,300,20
Section,6491.0,0,0,0,0,1440U5501_/0010,F,280,300,20
Section,6492.0,0,0,0,0,1440U5501_/0010,F,280,300,20
Section,6493.0,0,0,0,0,1440U5501_/0010,F,280,300,20
Section,6494.0,0,0,0,0,1440U5501_/0010,F,280,300,20
Section,6495.0,0,0,0,0,1440U5501_/0010,F,280,300,20
Section,6496.0,5,5,5,5,1440U5501_/0010,F,280,300,20
Section,6496.0,5,5,5,5,1440U5501_/0010,F,300,320,20
Section,6497.0,5,5,5,5,1440U5501_/0010,F,300,320,20
Section,6498.0,0,0,0,0,1440U5501_/0010,F,300,320,20
Section,6499.0,0,0,0,0,1440U5501_/0010,F,300,320,20
Section,6500.0,0,0,0,0,1440U5501_/0010,F,300,320,20
Section,6501.0,0,0,0,0,1440U5501_/0010,F,300,320,20
Section,6502.0,0,0,0,0,1440U5501_/0010,F,300,320,20
Section,6503.0,0,0,0,0,1440U5501_/0010,F,300,320,20
Section,6504.0,0,0,0,0,1440U5501_/0010,F,300,320,20
Section,6505.0,0,0,0,0,1440U5501_/0010,F,300,320,20
Section,6506.0,0,0,0,0,1440U5501_/0010,F,300,320,20
Section,6507.0,0,8,8,0,1440U5501_/0010,F,300,320,20
Section,6508.0,0,8,8,0,1440U5501_/0010,F,300,320,20
Section,6509.0,0,8,8,0,1440U5501_/0010,F,300,320,20
Section,6510.0,0,8,8,0,1440U5501_/0010,F,300,320,20
Section,6511.0,0,8,8,0,1440U5501_/0010,F,300,320,20
Section,6512.0,0,8,8,0,1440U5501_/0010,F,300,320,20
Section,6513.0,0,8,8,0,1440U5501_/0010,F,300,320,20
Section,6514.0,0,8,8,0,1440U5501_/0010,F,300,320,20
Section,6515.0,0,8,8,0,1440U5501_/0010,F,300,320,20
Section,6516.0,0,8,8,0,1440U5501_/0010,F,300,320,20
Section,6516.0,0,8,8,0,1440U5501_/0010,F,320,340,20
Section,6517.0,0,8,8,0,1440U5501_/0010,F,320,340,20
Section,6518.0,0,8,8,0,1440U5501_/0010,F,320,340,20
Section,6519.0,0,8,8,0,1440U5501_/0010,F,320,340,20
Section,6520.0,0,8,8,0,1440U5501_/0010,F,320,340,20
Section,6521.0,0,8,8,0,1440U5501_/0010,F,320,340,20
Section,6522.0,0,8,8,0,1440U5501_/0010,F,320,340,20
Section,6523.0,5,5,5,0,1440U5501_/0010,F,320,340,20
Section,6524.0,5,5,5,0,1440U5501_/0010,F,320,340,20
Section,6525.0,5,5,5,0,1440U5501_/0010,F,320,340,20
Section,6526.0,5,5,5,0,1440U5501_/0010,F,320,340,20
Section,6527.0,0,0,0,0,1440U5501_/0010,F,320,340,20
Section,6528.0,0,0,0,0,1440U5501_/0010,F,320,340,20
Section,6529.0,0,0,0,0,1440U5501_/0010,F,320,340,20
Section,6530.0,0,0,0,0,1440U5501_/0010,F,320,340,20
Section,6531.0,0,0,0,0,1440U5501_/0010,F,320,340,20
Section,6532.0,0,0,0,0,1440U5501_/0010,F,320,340,20
Section,6533.0,0,8,8,0,1440U5501_/0010,F,320,340,20
Section,6534.0,0,8,8,0,1440U5501_/0010,F,320,340,20
Section,6535.0,0,8,8,0,1440U5501_/0010,F,320,340,20
Section,6536.0,0,8,8,0,1440U5501_/0010,F,320,340,20
Section,6536.0,0,8,8,0,1440U5501_/0010,F,340,360,20
Section,6537.0,0,8,8,0,1440U5501_/0010,F,340,360,20
Section,6538.0,0,8,8,0,1440U5501_/0010,F,340,360,20
Section,6539.0,0,8,8,0,1440U5501_/0010,F,340,360,20
Section,6540.0,0,8,8,0,1440U5501_/0010,F,340,360,20
Section,6541.0,0,8,8,0,1440U5501_/0010,F,340,360,20
Section,6542.0,0,8,8,0,1440U5501_/0010,F,340,360,20
Section,6543.0,0,0,0,0,1440U5501_/0010,F,340,360,20
Section,6544.0,0,0,0,0,1440U5501_/0010,F,340,360,20
Section,6545.0,0,0,0,0,1440U5501_/0010,F,340,360,20
Section,6546.0,0,0,0,0,1440U5501_/0010,F,340,360,20
Section,6547.0,0,0,0,0,1440U5501_/0010,F,340,360,20
Section,6548.0,0,0,0,0,1440U5501_/0010,F,340,360,20
Section,6549.0,0,3,0,0,1440U5501_/0010,F,340,360,20
Section,6550.0,0,3,0,4,1440U5501_/0010,F,340,360,20
Section,6551.0,0,3,0,4,1440U5501_/0010,F,340,360,20
Section,6552.0,0,3,0,4,1440U5501_/0010,F,340,360,20
Section,6553.0,0,3,0,4,1440U5501_/0010,F,340,360,20
Section,6554.0,0,3,0,4,1440U5501_/0010,F,340,360,20
Section,6555.0,0,3,0,4,1440U5501_/0010,F,340,360,20
Section,6556.0,0,3,0,4,1440U5501_/0010,F,340,360,20
Section,6556.0,0,3,0,4,1440U5501_/0010,F,360,380,20
Section,6557.0,0,0,0,4,1440U5501_/0010,F,360,380,20
Section,6558.0,0,0,0,4,1440U5501_/0010,F,360,380,20
Section,6559.0,0,0,0,0,1440U5501_/0010,F,360,380,20
Section,6560.0,0,0,0,0,1440U5501_/0010,F,360,380,20
Section,6561.0,0,0,4,4,1440U5501_/0010,F,360,380,20
Section,6562.0,0,0,4,4,1440U5501_/0010,F,360,380,20
Section,6563.0,0,0,4,4,1440U5501_/0010,F,360,380,20
Section,6564.0,0,0,4,4,1440U5501_/0010,F,360,380,20
Section,6565.0,0,0,4,4,1440U5501_/0010,F,360,380,20
Section,6566.0,0,0,0,0,1440U5501_/0010,F,360,380,20
Section,6567.0,5,5,5,5,1440U5501_/0010,F,360,380,20
Section,6568.0,5,5,5,5,1440U5501_/0010,F,360,380,20
Section,6569.0,5,5,5,5,1440U5501_/0010,F,360,380,20
Section,6570.0,5,5,5,5,1440U5501_/0010,F,360,380,20
Section,6571.0,5,5,5,5,1440U5501_/0010,F,360,380,20
Section,6572.0,5,5,5,5,1440U5501_/0010,F,360,380,20
Section,6573.0,5,5,5,5,1440U5501_/0010,F,360,380,20
Section,6574.0,5,5,5,5,1440U5501_/0010,F,360,380,20
Section,6575.0,5,5,5,5,1440U5501_/0010,F,360,380,20
Section,6576.0,5,5,5,5,1440U5501_/0010,F,360,380,20
Section,6576.0,5,5,5,5,1440U5501_/0010,F,380,400,20
Section,6577.0,5,5,5,5,1440U5501_/0010,F,380,400,20
Section,6578.0,5,5,5,5,1440U5501_/0010,F,380,400,20
Section,6579.0,5,5,5,5,1440U5501_/0010,F,380,400,20
Section,6580.0,5,5,5,5,1440U5501_/0010,F,380,400,20
Section,6581.0,0,0,0,0,1440U5501_/0010,F,380,400,20
Section,6582.0,0,0,0,0,1440U5501_/0010,F,380,400,20
Section,6583.0,0,0,0,0,1440U5501_/0010,F,380,400,20
Section,6584.0,0,0,0,0,1440U5501_/0010,F,380,400,20
Section,6585.0,0,0,0,0,1440U5501_/0010,F,380,400,20
Section,6586.0,0,0,0,0,1440U5501_/0010,F,380,400,20
Section,6587.0,0,0,0,0,1440U5501_/0010,F,380,400,20
Section,6588.0,0,0,0,0,1440U5501_/0010,F,380,400,20
Section,6589.0,0,0,0,0,1440U5501_/0010,F,380,400,20
Section,6590.0,0,0,0,0,1440U5501_/0010,F,380,400,20
Section,6591.0,0,0,0,0,1440U5501_/0010,F,380,400,20
Section,6592.0,0,0,0,0,1440U5501_/0010,F,380,400,20
Section,6593.0,0,0,0,0,1440U5501_/0010,F,380,400,20
Section,6594.0,0,0,0,0,1440U5501_/0010,F,380,400,20
Section,6595.0,0,0,0,0,1440U5501_/0010,F,380,400,20
Section,6596.0,0,0,0,0,1440U5501_/0010,F,380,400,20
Section,6596.0,0,0,0,0,1440U5501_/0010,F,400,408,8
Section,6597.0,0,0,0,0,1440U5501_/0010,F,400,408,8
Section,6598.0,0,0,0,0,1440U5501_/0010,F,400,408,8
Section,6599.0,0,0,0,0,1440U5501_/0010,F,400,408,8
Section,6600.0,0,0,0,0,1440U5501_/0010,F,400,408,8
Section,6601.0,0,0,0,0,1440U5501_/0010,F,400,408,8
Section,6602.0,0,0,0,0,1440U5501_/0010,F,400,408,8
Section,6603.0,0,0,0,0,1440U5501_/0010,F,400,408,8
Section,6604.0,0,0,0,0,1440U5501_/0010,F,400,408,8
Section,6644.0,8,8,8,8,1440U5501_/0015,F,0,20,20
Section,6645.0,8,8,8,8,1440U5501_/0015,F,0,20,20
Section,6646.0,8,8,8,8,1440U5501_/0015,F,0,20,20
Section,6647.0,0,0,0,0,1440U5501_/0015,F,0,20,20
Section,6648.0,0,0,0,4,1440U5501_/0015,F,0,20,20
Section,6649.0,0,0,0,4,1440U5501_/0015,F,0,20,20
Section,6650.0,0,0,0,4,1440U5501_/0015,F,0,20,20
Section,6651.0,0,0,0,4,1440U5501_/0015,F,0,20,20
Section,6652.0,0,0,0,4,1440U5501_/0015,F,0,20,20
Section,6653.0,0,0,0,4,1440U5501_/0015,F,0,20,20
Section,6654.0,0,0,0,4,1440U5501_/0015,F,0,20,20
Section,6655.0,0,0,0,4,1440U5501_/0015,F,0,20,20
Section,6656.0,0,0,0,4,1440U5501_/0015,F,0,20,20
Section,6657.0,0,0,0,4,1440U5501_/0015,F,0,20,20
Section,6658.0,0,0,0,4,1440U5501_/0015,F,0,20,20
Section,6659.0,0,0,0,4,1440U5501_/0015,F,0,20,20
Section,6660.0,0,0,0,4,1440U5501_/0015,F,0,20,20
Section,6661.0,0,0,0,4,1440U5501_/0015,F,0,20,20
Section,6662.0,0,0,0,4,1440U5501_/0015,F,0,20,20
Section,6663.0,0,0,0,4,1440U5501_/0015,F,0,20,20
Section,6664.0,0,0,0,4,1440U5501_/0015,F,0,20,20
Section,6664.0,0,0,0,4,1440U5501_/0015,F,20,40,20
Section,6665.0,0,0,0,4,1440U5501_/0015,F,20,40,20
Section,6666.0,0,0,0,4,1440U5501_/0015,F,20,40,20
Section,6667.0,0,0,0,0,1440U5501_/0015,F,20,40,20
Section,6668.0,0,0,0,0,1440U5501_/0015,F,20,40,20
Section,6669.0,0,0,0,0,1440U5501_/0015,F,20,40,20
Section,6670.0,0,0,0,0,1440U5501_/0015,F,20,40,20
Section,6671.0,0,0,0,0,1440U5501_/0015,F,20,40,20
Section,6672.0,0,0,0,0,1440U5501_/0015,F,20,40,20
Section,6673.0,0,0,0,0,1440U5501_/0015,F,20,40,20
Section,6674.0,0,0,0,0,1440U5501_/0015,F,20,40,20
Section,6675.0,0,0,0,0,1440U5501_/0015,F,20,40,20
Section,6676.0,0,0,0,0,1440U5501_/0015,F,20,40,20
Section,6677.0,5,0,0,0,1440U5501_/0015,F,20,40,20
Section,6678.0,5,5,5,0,1440U5501_/0015,F,20,40,20
Section,6679.0,5,5,5,0,1440U5501_/0015,F,20,40,20
Section,6680.0,5,5,5,0,1440U5501_/0015,F,20,40,20
Section,6681.0,5,5,5,0,1440U5501_/0015,F,20,40,20
Section,6682.0,5,5,5,0,1440U5501_/0015,F,20,40,20
Section,6683.0,5,5,5,0,1440U5501_/0015,F,20,40,20
Section,6684.0,5,5,5,0,1440U5501_/0015,F,20,40,20
Section,6684.0,5,5,5,0,1440U5501_/0015,F,40,60,20
Section,6685.0,5,5,5,0,1440U5501_/0015,F,40,60,20
Section,6686.0,5,5,5,0,1440U5501_/0015,F,40,60,20
Section,6687.0,5,5,5,0,1440U5501_/0015,F,40,60,20
Section,6688.0,5,5,5,0,1440U5501_/0015,F,40,60,20
Section,6689.0,5,5,5,0,1440U5501_/0015,F,40,60,20
Section,6690.0,5,5,5,0,1440U5501_/0015,F,40,60,20
Section,6691.0,5,5,5,0,1440U5501_/0015,F,40,60,20
Section,6692.0,5,5,5,0,1440U5501_/0015,F,40,60,20
Section,6693.0,5,5,5,0,1440U5501_/0015,F,40,60,20
Section,6694.0,5,5,5,0,1440U5501_/0015,F,40,60,20
Section,6695.0,5,5,5,0,1440U5501_/0015,F,40,60,20
Section,6696.0,5,5,5,0,1440U5501_/0015,F,40,60,20
Section,6697.0,5,5,5,0,1440U5501_/0015,F,40,60,20
Section,6698.0,5,5,5,0,1440U5501_/0015,F,40,60,20
Section,6699.0,5,5,5,0,1440U5501_/0015,F,40,60,20
Section,6700.0,5,5,5,0,1440U5501_/0015,F,40,60,20
Section,6701.0,5,5,5,0,1440U5501_/0015,F,40,60,20
Section,6702.0,5,5,5,0,1440U5501_/0015,F,40,60,20
Section,6703.0,5,0,0,0,1440U5501_/0015,F,40,60,20
Section,6704.0,5,0,0,0,1440U5501_/0015,F,40,60,20
Section,6704.0,5,0,0,0,1440U5501_/0015,F,60,80,20
Section,6705.0,0,0,0,0,1440U5501_/0015,F,60,80,20
Section,6706.0,5,5,5,5,1440U5501_/0015,F,60,80,20
Section,6707.0,5,5,5,5,1440U5501_/0015,F,60,80,20
Section,6708.0,5,5,5,5,1440U5501_/0015,F,60,80,20
Section,6709.0,0,0,0,0,1440U5501_/0015,F,60,80,20
Section,6710.0,0,0,0,0,1440U5501_/0015,F,60,80,20
Section,6711.0,0,0,0,0,1440U5501_/0015,F,60,80,20
Section,6712.0,0,0,0,0,1440U5501_/0015,F,60,80,20
Section,6713.0,0,0,0,0,1440U5501_/0015,F,60,80,20
Section,6714.0,0,0,0,0,1440U5501_/0015,F,60,80,20
Section,6715.0,0,0,0,0,1440U5501_/0015,F,60,80,20
Section,6716.0,0,0,0,0,1440U5501_/0015,F,60,80,20
Section,6717.0,0,0,0,0,1440U5501_/0015,F,60,80,20
Section,6718.0,0,0,0,0,1440U5501_/0015,F,60,80,20
Section,6719.0,0,0,0,0,1440U5501_/0015,F,60,80,20
Section,6720.0,0,0,0,0,1440U5501_/0015,F,60,80,20
Section,6721.0,0,0,0,0,1440U5501_/0015,F,60,80,20
Section,6722.0,0,0,0,0,1440U5501_/0015,F,60,80,20
Section,6723.0,0,0,0,0,1440U5501_/0015,F,60,80,20
Section,6724.0,0,0,0,0,1440U5501_/0015,F,60,80,20
Section,6724.0,0,0,0,0,1440U5501_/0015,F,80,82,2
Section,6725.0,0,0,0,0,1440U5501_/0015,F,80,82,2
Section,6726.0,0,0,0,0,1440U5501_/0015,F,80,82,2
